编号,名称,分类,Emoji,描述,原始数据
1,"领带薪拉屎冠军","职场发疯","👑","厕所隔间是工位的延伸，带薪摸鱼的最高境界。","{""name"":""领带薪拉屎冠军"",""category"":""职场发疯"",""emoji"":""👑"",""description"":""厕所隔间是工位的延伸，带薪摸鱼的最高境界。""}"
2,"前世是什么外卖","玄学运势","🍱","上辈子是黄焖鸡还是麻辣烫，决定了你这辈子的性格底色。","{""name"":""前世是什么外卖"",""category"":""玄学运势"",""emoji"":""🍱"",""description"":""上辈子是黄焖鸡还是麻辣烫，决定了你这辈子的性格底色。""}"
3,"在同事群聊备注里叫什么","职场发疯","📱","“那个谁”、“A总”、“发通知的”，还是根本没被备注。","{""name"":""在同事群聊备注里叫什么"",""category"":""职场发疯"",""emoji"":""📱"",""description"":""“那个谁”、“A总”、“发通知的”，还是根本没被备注。""}"
4,"证明今天的班白上了","趣味整活","📄","打开文档，写写删删，最后保存的还是昨天的版本。","{""name"":""证明今天的班白上了"",""category"":""趣味整活"",""emoji"":""📄"",""description"":""打开文档，写写删删，最后保存的还是昨天的版本。""}"
5,"QQ号转世成什么","玄学运势","👻","九位数是古董，十一位数是路人，带太阳的能投个好胎。","{""name"":""QQ号转世成什么"",""category"":""玄学运势"",""emoji"":""👻"",""description"":""九位数是古董，十一位数是路人，带太阳的能投个好胎。""}"
6,"你是哪种充电宝","性格搞怪","🔋","虚电王、慢充佛、还是自带三头线的社交悍匪。","{""name"":""你是哪种充电宝"",""category"":""性格搞怪"",""emoji"":""🔋"",""description"":""虚电王、慢充佛、还是自带三头线的社交悍匪。""}"
7,"废话文学十级学者","趣味整活","🎓","听君一席话，如听一席话，但就是忍不住想听。","{""name"":""废话文学十级学者"",""category"":""趣味整活"",""emoji"":""🎓"",""description"":""听君一席话，如听一席话，但就是忍不住想听。""}"
8,"你是哪种Wi-Fi信号","性格搞怪","📶","满格社牛、时断时续社恐、还是根本搜不到的隐身人。","{""name"":""你是哪种Wi-Fi信号"",""category"":""性格搞怪"",""emoji"":""📶"",""description"":""满格社牛、时断时续社恐、还是根本搜不到的隐身人。""}"
9,"恋爱脑切除手术恢复期","情感离谱","💉","术后仍有幻痛，看到某些关键词还是会手抖。","{""name"":""恋爱脑切除手术恢复期"",""category"":""情感离谱"",""emoji"":""💉"",""description"":""术后仍有幻痛，看到某些关键词还是会手抖。""}"
10,"你的互联网人格","性格搞怪","🌐","朋友圈岁月静好，微博疯狂骂街，豆瓣在标记“已死”。","{""name"":""你的互联网人格"",""category"":""性格搞怪"",""emoji"":""🌐"",""description"":""朋友圈岁月静好，微博疯狂骂街，豆瓣在标记“已死”。""}"
11,"摸鱼时长的历史地位","趣味整活","⏳","从厕所战神到带薪冥想大师，你的摸鱼史可歌可泣。","{""name"":""摸鱼时长的历史地位"",""category"":""趣味整活"",""emoji"":""⏳"",""description"":""从厕所战神到带薪冥想大师，你的摸鱼史可歌可泣。""}"
12,"下辈子投胎成什么APP","玄学运势","📱","是国民级应用，还是那个永远在“优化中”的冷门工具。","{""name"":""下辈子投胎成什么APP"",""category"":""玄学运势"",""emoji"":""📱"",""description"":""是国民级应用，还是那个永远在“优化中”的冷门工具。""}"
13,"职场濒危动物图鉴","职场发疯","🐼","准点下班的独角兽，敢于反驳的喷火龙，还是濒临灭绝的老实人。","{""name"":""职场濒危动物图鉴"",""category"":""职场发疯"",""emoji"":""🐼"",""description"":""准点下班的独角兽，敢于反驳的喷火龙，还是濒临灭绝的老实人。""}"
14,"你的暗恋像什么过期食品","情感离谱","🥫","是罐头，封存得很好但不敢打开；是酸奶，过了保质期还在幻想发酵。","{""name"":""你的暗恋像什么过期食品"",""category"":""情感离谱"",""emoji"":""🥫"",""description"":""是罐头，封存得很好但不敢打开；是酸奶，过了保质期还在幻想发酵。""}"
15,"用泡面方式鉴定位面之子","逆天知识","🍜","开水一冲就熟是天选，煮完还夹生是逆天改命失败。","{""name"":""用泡面方式鉴定位面之子"",""category"":""逆天知识"",""emoji"":""🍜"",""description"":""开水一冲就熟是天选，煮完还夹生是逆天改命失败。""}"
16,"你是哪种天气","性格搞怪","🌦️","晴一阵阴一阵，偶尔打雷不下雨，预报永远不准。","{""name"":""你是哪种天气"",""category"":""性格搞怪"",""emoji"":""🌦️"",""description"":""晴一阵阴一阵，偶尔打雷不下雨，预报永远不准。""}"
17,"废话接龙锦标赛冠军","趣味整活","🏆","能在任何话题上展开三分钟毫无意义的论述。","{""name"":""废话接龙锦标赛冠军"",""category"":""趣味整活"",""emoji"":""🏆"",""description"":""能在任何话题上展开三分钟毫无意义的论述。""}"
18,"你的职场功德还剩多少","职场发疯","🙏","骂完老板扣一点，帮同事背锅加一点，每天都在清零边缘。","{""name"":""你的职场功德还剩多少"",""category"":""职场发疯"",""emoji"":""🙏"",""description"":""骂完老板扣一点，帮同事背锅加一点，每天都在清零边缘。""}"
19,"前世是什么街头小吃","玄学运势","🍡","是糖葫芦，看着红火内心酸；是烤冷面，外表强硬内心软。","{""name"":""前世是什么街头小吃"",""category"":""玄学运势"",""emoji"":""🍡"",""description"":""是糖葫芦，看着红火内心酸；是烤冷面，外表强硬内心软。""}"
20,"友情里的工具人型号","情感离谱","🔧","情绪垃圾桶型、搬家专用型、还是随叫随到陪聊型。","{""name"":""友情里的工具人型号"",""category"":""情感离谱"",""emoji"":""🔧"",""description"":""情绪垃圾桶型、搬家专用型、还是随叫随到陪聊型。""}"
21,"你的大脑是什么存储设备","性格搞怪","💾","256G内存，90%是没用的梗图和吵架时没发挥好的话。","{""name"":""你的大脑是什么存储设备"",""category"":""性格搞怪"",""emoji"":""💾"",""description"":""256G内存，90%是没用的梗图和吵架时没发挥好的话。""}"
22,"用点外卖习惯预测人生","逆天知识","📲","永远点同一家的是守成之君，爱尝鲜的是开拓者，凑满减的是宰相之才。","{""name"":""用点外卖习惯预测人生"",""category"":""逆天知识"",""emoji"":""📲"",""description"":""永远点同一家的是守成之君，爱尝鲜的是开拓者，凑满减的是宰相之才。""}"
23,"办公室植物生存指南","职场发疯","🪴","你是仙人掌（耐旱耐骂），还是绿萝（给点水就能活，但活不好）。","{""name"":""办公室植物生存指南"",""category"":""职场发疯"",""emoji"":""🪴"",""description"":""你是仙人掌（耐旱耐骂），还是绿萝（给点水就能活，但活不好）。""}"
24,"你的爱情像什么BUG","情感离谱","🐛","是偶现难以复现，是严重影响性能，还是根本找不到日志。","{""name"":""你的爱情像什么BUG"",""category"":""情感离谱"",""emoji"":""🐛"",""description"":""是偶现难以复现，是严重影响性能，还是根本找不到日志。""}"
25,"下辈子当什么交通工具","玄学运势","🚲","是共享单车（谁都能骑），是地铁（永远拥挤但准时），还是直升机（看着厉害但烧钱）。","{""name"":""下辈子当什么交通工具"",""category"":""玄学运势"",""emoji"":""🚲"",""description"":""是共享单车（谁都能骑），是地铁（永远拥挤但准时），还是直升机（看着厉害但烧钱）。""}"
26,"互联网考古学家","趣味整活","⛏️","擅长挖掘五年前的段子，并配上“谁懂”重新发布。","{""name"":""互联网考古学家"",""category"":""趣味整活"",""emoji"":""⛏️"",""description"":""擅长挖掘五年前的段子，并配上“谁懂”重新发布。""}"
27,"你的情绪是什么奶茶温度","性格搞怪","🌡️","表面去冰，内心滚烫，偶尔全糖偶尔无糖。","{""name"":""你的情绪是什么奶茶温度"",""category"":""性格搞怪"",""emoji"":""🌡️"",""description"":""表面去冰，内心滚烫，偶尔全糖偶尔无糖。""}"
28,"用追剧姿势看职场地位","逆天知识","🛋️","躺着看是老板，坐直了看是中层，跪着看是新人。","{""name"":""用追剧姿势看职场地位"",""category"":""逆天知识"",""emoji"":""🛋️"",""description"":""躺着看是老板，坐直了看是中层，跪着看是新人。""}"
29,"前世是什么无效社交","玄学运势","👥","是点赞之交，是拼多多砍一刀，还是那个“改天请你吃饭”。","{""name"":""前世是什么无效社交"",""category"":""玄学运势"",""emoji"":""👥"",""description"":""是点赞之交，是拼多多砍一刀，还是那个“改天请你吃饭”。""}"
30,"你是哪种待办事项","职场发疯","📋","高亮置顶紧急项、被无限推迟的长期项、还是已完成的但没人知道项。","{""name"":""你是哪种待办事项"",""category"":""职场发疯"",""emoji"":""📋"",""description"":""高亮置顶紧急项、被无限推迟的长期项、还是已完成的但没人知道项。""}"
31,"恋爱里的阅读理解得分","情感离谱","📖","对方发“哦”，你能写出一篇八千字中心思想解析。","{""name"":""恋爱里的阅读理解得分"",""category"":""情感离谱"",""emoji"":""📖"",""description"":""对方发“哦”，你能写出一篇八千字中心思想解析。""}"
32,"你的存在感是什么网络信号","性格搞怪","📡","在家人群是2G，在好友群是5G，在公司群是“对方不在服务区”。","{""name"":""你的存在感是什么网络信号"",""category"":""性格搞怪"",""emoji"":""📡"",""description"":""在家人群是2G，在好友群是5G，在公司群是“对方不在服务区”。""}"
33,"用超市购物车测人生轨迹","趣味整活","🛒","只买必需品是苦行僧，塞满零食是享乐派，推着空车逛三圈是哲学家。","{""name"":""用超市购物车测人生轨迹"",""category"":""趣味整活"",""emoji"":""🛒"",""description"":""只买必需品是苦行僧，塞满零食是享乐派，推着空车逛三圈是哲学家。""}"
34,"职场戏精的自我修养","职场发疯","🎬","“我在忙”的演技，决定了你今天能摸多久的鱼。","{""name"":""职场戏精的自我修养"",""category"":""职场发疯"",""emoji"":""🎬"",""description"":""“我在忙”的演技，决定了你今天能摸多久的鱼。""}"
35,"你的暗恋进度像什么下载任务","情感离谱","⏬","99%卡住，无法继续，也舍不得取消。","{""name"":""你的暗恋进度像什么下载任务"",""category"":""情感离谱"",""emoji"":""⏬"",""description"":""99%卡住，无法继续，也舍不得取消。""}"
36,"下辈子当什么云","玄学运势","☁️","是积雨云（爱哭），是卷云（飘忽不定），还是永远被挡住的底层云。","{""name"":""下辈子当什么云"",""category"":""玄学运势"",""emoji"":""☁️"",""description"":""是积雨云（爱哭），是卷云（飘忽不定），还是永远被挡住的底层云。""}"
37,"你是哪种会议室茶水","职场发疯","☕","第一杯被喝光的咖啡，无人问津的凉白开，还是泡到发苦的茶渣。","{""name"":""你是哪种会议室茶水"",""category"":""职场发疯"",""emoji"":""☕"",""description"":""第一杯被喝光的咖啡，无人问津的凉白开，还是泡到发苦的茶渣。""}"
38,"用手机电量类比社交能量","逆天知识","🔋","出门满电，见一个人掉20%，回家时必开省电模式。","{""name"":""用手机电量类比社交能量"",""category"":""逆天知识"",""emoji"":""🔋"",""description"":""出门满电，见一个人掉20%，回家时必开省电模式。""}"
39,"你的幽默感是什么格式","性格搞怪","😂","是GIF（动图才有效果），是JPG（冷梗图），还是损坏文件（只有自己懂）。","{""name"":""你的幽默感是什么格式"",""category"":""性格搞怪"",""emoji"":""😂"",""description"":""是GIF（动图才有效果），是JPG（冷梗图），还是损坏文件（只有自己懂）。""}"
40,"前世是什么部门什么角色","玄学运势","🏛️","上辈子在御膳房偷吃，这辈子在办公室摸鱼。","{""name"":""前世是什么部门什么角色"",""category"":""玄学运势"",""emoji"":""🏛️"",""description"":""上辈子在御膳房偷吃，这辈子在办公室摸鱼。""}"
41,"确诊为WiFi信号","性格搞怪","📶","时强时弱，人多就卡，关键时候总掉线。","{""name"":""确诊为WiFi信号"",""category"":""性格搞怪"",""emoji"":""📶"",""description"":""时强时弱，人多就卡，关键时候总掉线。""}"
42,"人生加载进度条","玄学运势","⏳","卡在99%的时间，比从0开始还长。","{""name"":""人生加载进度条"",""category"":""玄学运势"",""emoji"":""⏳"",""description"":""卡在99%的时间，比从0开始还长。""}"
43,"友谊的小船是什么材质","情感离谱","🚤","是纸折的，是铁打的，还是泡沫一戳就破。","{""name"":""友谊的小船是什么材质"",""category"":""情感离谱"",""emoji"":""🚤"",""description"":""是纸折的，是铁打的，还是泡沫一戳就破。""}"
44,"职场人设崩塌现场","职场发疯","🏚️","精心维持的靠谱形象，被一次手滑撤回彻底摧毁。","{""name"":""职场人设崩塌现场"",""category"":""职场发疯"",""emoji"":""🏚️"",""description"":""精心维持的靠谱形象，被一次手滑撤回彻底摧毁。""}"
45,"你的专属BGM是什么","趣味整活","🎵","走哪儿跟哪儿的背景音乐，通常是二胡或者唢呐。","{""name"":""你的专属BGM是什么"",""category"":""趣味整活"",""emoji"":""🎵"",""description"":""走哪儿跟哪儿的背景音乐，通常是二胡或者唢呐。""}"
46,"你的爱情像什么APP","情感离谱","📱","是闪退的bug，是加载中的转圈，还是永远匹配不到。","{""name"":""你的爱情像什么APP"",""category"":""情感离谱"",""emoji"":""📱"",""description"":""是闪退的bug，是加载中的转圈，还是永远匹配不到。""}"
47,"摸鱼时在平行世界做什么","职场发疯","🌌","此刻的你，在另一个时空可能正在拯救世界。","{""name"":""摸鱼时在平行世界做什么"",""category"":""职场发疯"",""emoji"":""🌌"",""description"":""此刻的你，在另一个时空可能正在拯救世界。""}"
48,"你的身体是什么版本","趣味整活","🔢","硬件老旧，软件冲突，还拒绝更新。","{""name"":""你的身体是什么版本"",""category"":""趣味整活"",""emoji"":""🔢"",""description"":""硬件老旧，软件冲突，还拒绝更新。""}"
49,"社交能量条还剩多少","性格搞怪","🔋","出门一趟耗电80%，回家充电两小时续航五分钟。","{""name"":""社交能量条还剩多少"",""category"":""性格搞怪"",""emoji"":""🔋"",""description"":""出门一趟耗电80%，回家充电两小时续航五分钟。""}"
50,"上辈子是什么动物","玄学运势","🐾","不是猫狗，是树懒、水豚或者平头哥。","{""name"":""上辈子是什么动物"",""category"":""玄学运势"",""emoji"":""🐾"",""description"":""不是猫狗，是树懒、水豚或者平头哥。""}"
51,"你的离谱超能力","趣味整活","🦸","不是飞也不是隐身，是总能赶上电梯门关上的最后一秒。","{""name"":""你的离谱超能力"",""category"":""趣味整活"",""emoji"":""🦸"",""description"":""不是飞也不是隐身，是总能赶上电梯门关上的最后一秒。""}"
52,"职场生存靠什么天赋","职场发疯","🧬","假装忙碌、选择性失明、以及精准的厕所timing。","{""name"":""职场生存靠什么天赋"",""category"":""职场发疯"",""emoji"":""🧬"",""description"":""假装忙碌、选择性失明、以及精准的厕所timing。""}"
53,"你的内心戏是什么类型片","性格搞怪","🎬","悬疑、苦情、科幻大片，就是没有纪录片。","{""name"":""你的内心戏是什么类型片"",""category"":""性格搞怪"",""emoji"":""🎬"",""description"":""悬疑、苦情、科幻大片，就是没有纪录片。""}"
54,"聊天记录考古学家","情感离谱","⛏️","能从三年前的群聊里，挖出今天的吵架素材。","{""name"":""聊天记录考古学家"",""category"":""情感离谱"",""emoji"":""⛏️"",""description"":""能从三年前的群聊里，挖出今天的吵架素材。""}"
55,"你的运气是什么天气","玄学运势","🌦️","局部有阵雨，偶尔晴转多云，常年不宜出门。","{""name"":""你的运气是什么天气"",""category"":""玄学运势"",""emoji"":""🌦️"",""description"":""局部有阵雨，偶尔晴转多云，常年不宜出门。""}"
56,"确诊为行走的弹幕","性格搞怪","💬","心里刷过的吐槽，比视频网站上的还密集。","{""name"":""确诊为行走的弹幕"",""category"":""性格搞怪"",""emoji"":""💬"",""description"":""心里刷过的吐槽，比视频网站上的还密集。""}"
57,"你的家庭地位是什么电器","趣味整活","🏠","是遥控器，是路由器，还是那个总被踢到的插排。","{""name"":""你的家庭地位是什么电器"",""category"":""趣味整活"",""emoji"":""🏠"",""description"":""是遥控器，是路由器，还是那个总被踢到的插排。""}"
58,"职场隐形技能","职场发疯","👁️","如何在领导眼皮底下，完成一局手机游戏。","{""name"":""职场隐形技能"",""category"":""职场发疯"",""emoji"":""👁️"",""description"":""如何在领导眼皮底下，完成一局手机游戏。""}"
59,"你的爱情兵法","情感离谱","📖","三十六计，走为上计；敌进我退，敌退我删。","{""name"":""你的爱情兵法"",""category"":""情感离谱"",""emoji"":""📖"",""description"":""三十六计，走为上计；敌进我退，敌退我删。""}"
60,"人生重启点在哪","玄学运势","🔄","是上次没保存的文档，还是那句没说出口的话。","{""name"":""人生重启点在哪"",""category"":""玄学运势"",""emoji"":""🔄"",""description"":""是上次没保存的文档，还是那句没说出口的话。""}"
61,"你的大脑是什么搜索引擎","逆天知识","🔍","正经事搜不到，犄角旮旯的八卦一秒弹出。","{""name"":""你的大脑是什么搜索引擎"",""category"":""逆天知识"",""emoji"":""🔍"",""description"":""正经事搜不到，犄角旮旯的八卦一秒弹出。""}"
62,"确诊为会议室盆栽","职场发疯","🪴","人在，但灵魂在光合作用。负责点缀，不负责发言。","{""name"":""确诊为会议室盆栽"",""category"":""职场发疯"",""emoji"":""🪴"",""description"":""人在，但灵魂在光合作用。负责点缀，不负责发言。""}"
63,"你的社交面具有几层","性格搞怪","🎭","对同事一层，对家人一层，对快递小哥又是另一层。","{""name"":""你的社交面具有几层"",""category"":""性格搞怪"",""emoji"":""🎭"",""description"":""对同事一层，对家人一层，对快递小哥又是另一层。""}"
64,"你的手机相册是什么主题","趣味整活","📸","截图博物馆、猫片合集、和一堆忘了为什么拍的东西。","{""name"":""你的手机相册是什么主题"",""category"":""趣味整活"",""emoji"":""📸"",""description"":""截图博物馆、猫片合集、和一堆忘了为什么拍的东西。""}"
65,"你的拖延症是什么形态","性格搞怪","🦥","是火山爆发前夜，还是永无止境的“明天再说”。","{""name"":""你的拖延症是什么形态"",""category"":""性格搞怪"",""emoji"":""🦥"",""description"":""是火山爆发前夜，还是永无止境的“明天再说”。""}"
66,"职场食物链你在哪一层","职场发疯","🦈","是顶端掠食者，是浮游生物，还是负责分解的。","{""name"":""职场食物链你在哪一层"",""category"":""职场发疯"",""emoji"":""🦈"",""description"":""是顶端掠食者，是浮游生物，还是负责分解的。""}"
67,"你的暗恋像什么地下工作","情感离谱","🕵️","线索埋得深，行动全靠猜，结局通常是自我瓦解。","{""name"":""你的暗恋像什么地下工作"",""category"":""情感离谱"",""emoji"":""🕵️"",""description"":""线索埋得深，行动全靠猜，结局通常是自我瓦解。""}"
68,"你的财运是什么交通方式","玄学运势","🚗","是堵在路上，是错过班车，还是根本就没买票。","{""name"":""你的财运是什么交通方式"",""category"":""玄学运势"",""emoji"":""🚗"",""description"":""是堵在路上，是错过班车，还是根本就没买票。""}"
69,"确诊为过期罐头","性格搞怪","🥫","外表完好，内在微妙，不知道还能不能打开。","{""name"":""确诊为过期罐头"",""category"":""性格搞怪"",""emoji"":""🥫"",""description"":""外表完好，内在微妙，不知道还能不能打开。""}"
70,"职场必杀技冷却时间","职场发疯","❄️","一次爆发性输出后，需要躺平三天回蓝。","{""name"":""职场必杀技冷却时间"",""category"":""职场发疯"",""emoji"":""❄️"",""description"":""一次爆发性输出后，需要躺平三天回蓝。""}"
71,"你的QQ宠物转世","玄学运势","🐧","那只饿死又复活的企鹅，这辈子投胎成了什么","{""name"":""你的QQ宠物转世"",""category"":""玄学运势"",""emoji"":""🐧"",""description"":""那只饿死又复活的企鹅，这辈子投胎成了什么""}"
72,"塑料友情防弹等级","情感离谱","🛡️","表面笑嘻嘻，背后连拼多多都不帮你砍一刀","{""name"":""塑料友情防弹等级"",""category"":""情感离谱"",""emoji"":""🛡️"",""description"":""表面笑嘻嘻，背后连拼多多都不帮你砍一刀""}"
73,"跟历史人物的适配度","逆天知识","👥","你的性格最适合给哪位皇帝当谏官（并大概率被砍头）","{""name"":""跟历史人物的适配度"",""category"":""逆天知识"",""emoji"":""👥"",""description"":""你的性格最适合给哪位皇帝当谏官（并大概率被砍头）""}"
74,"前世的未了微信好友申请","情感离谱","👻","孟婆汤喝了，但那个红色未读提示跟过来了","{""name"":""前世的未了微信好友申请"",""category"":""情感离谱"",""emoji"":""👻"",""description"":""孟婆汤喝了，但那个红色未读提示跟过来了""}"
75,"你的职场寿命还剩几天","玄学运势","⏳","根据本月收到‘在吗’的次数和老板微笑频率计算","{""name"":""你的职场寿命还剩几天"",""category"":""玄学运势"",""emoji"":""⏳"",""description"":""根据本月收到‘在吗’的次数和老板微笑频率计算""}"
76,"暧昧对象是哪种NPC","情感离谱","🗺️","只会重复三句话的，还是给你发永远完不成的任务的","{""name"":""暧昧对象是哪种NPC"",""category"":""情感离谱"",""emoji"":""🗺️"",""description"":""只会重复三句话的，还是给你发永远完不成的任务的""}"
77,"会议中的角色扮演","职场发疯","🎬","你是点头机器、灵魂出窍者，还是那个突然被Q到的倒霉蛋","{""name"":""会议中的角色扮演"",""category"":""职场发疯"",""emoji"":""🎬"",""description"":""你是点头机器、灵魂出窍者，还是那个突然被Q到的倒霉蛋""}"
78,"确诊为手机电量","性格搞怪","🔋","早上满格，下午预警，晚上靠充电宝续命","{""name"":""确诊为手机电量"",""category"":""性格搞怪"",""emoji"":""🔋"",""description"":""早上满格，下午预警，晚上靠充电宝续命""}"
79,"你的废话能量等级","趣味整活","💬","能从‘吃了吗’聊到宇宙大爆炸，中间毫无逻辑","{""name"":""你的废话能量等级"",""category"":""趣味整活"",""emoji"":""💬"",""description"":""能从‘吃了吗’聊到宇宙大爆炸，中间毫无逻辑""}"
80,"从走路姿势看朝代","逆天知识","🚶","风风火火像赶着上朝的，晃晃悠悠像退休的员外","{""name"":""从走路姿势看朝代"",""category"":""逆天知识"",""emoji"":""🚶"",""description"":""风风火火像赶着上朝的，晃晃悠悠像退休的员外""}"
81,"下辈子是什么垃圾","玄学运势","🗑️","可回收（还有用）、干垃圾（凑合过）、有害垃圾（快跑）","{""name"":""下辈子是什么垃圾"",""category"":""玄学运势"",""emoji"":""🗑️"",""description"":""可回收（还有用）、干垃圾（凑合过）、有害垃圾（快跑）""}"
82,"朋友群的聊天定位","情感离谱","📍","话题发起者、捧场哈哈怪，还是那个永远已读不回的","{""name"":""朋友群的聊天定位"",""category"":""情感离谱"",""emoji"":""📍"",""description"":""话题发起者、捧场哈哈怪，还是那个永远已读不回的""}"
83,"你的大脑是什么浏览器","趣味整活","🌐","IE（反应慢）、Chrome（标签页开太多）、Safari（看起来高级）","{""name"":""你的大脑是什么浏览器"",""category"":""趣味整活"",""emoji"":""🌐"",""description"":""IE（反应慢）、Chrome（标签页开太多）、Safari（看起来高级）""}"
84,"用点菜方式看统治风格","逆天知识","📋","‘随便’是昏君，‘都来一份’是暴君，‘听你的’是傀儡皇帝","{""name"":""用点菜方式看统治风格"",""category"":""逆天知识"",""emoji"":""📋"",""description"":""‘随便’是昏君，‘都来一份’是暴君，‘听你的’是傀儡皇帝""}"
85,"你的阳寿被什么扣完了","玄学运势","➖","熬夜、生气，还是刷到弱智视频时的那句‘我服了’","{""name"":""你的阳寿被什么扣完了"",""category"":""玄学运势"",""emoji"":""➖"",""description"":""熬夜、生气，还是刷到弱智视频时的那句‘我服了’""}"
86,"恋爱像在玩什么游戏","情感离谱","🎮","恋爱养成（慢）、恐怖游戏（惊）、扫雷（一踩就炸）","{""name"":""恋爱像在玩什么游戏"",""category"":""情感离谱"",""emoji"":""🎮"",""description"":""恋爱养成（慢）、恐怖游戏（惊）、扫雷（一踩就炸）""}"
87,"办公室食物链位置","职场发疯","🦁","顶层掠食者、中层打工人，还是底层负责背锅的浮游生物","{""name"":""办公室食物链位置"",""category"":""职场发疯"",""emoji"":""🦁"",""description"":""顶层掠食者、中层打工人，还是底层负责背锅的浮游生物""}"
88,"确诊为薛定谔的猫","性格搞怪","🐱","又懒又勤快，又社恐又话痨，取决于有没有人观察你","{""name"":""确诊为薛定谔的猫"",""category"":""性格搞怪"",""emoji"":""🐱"",""description"":""又懒又勤快，又社恐又话痨，取决于有没有人观察你""}"
89,"你的笑声像什么乐器","趣味整活","🎺","杠铃般的铜管乐，还是鹅叫般的破音木笛","{""name"":""你的笑声像什么乐器"",""category"":""趣味整活"",""emoji"":""🎺"",""description"":""杠铃般的铜管乐，还是鹅叫般的破音木笛""}"
90,"从起床气判断武将类型","逆天知识","⚔️","睁眼就要砍人的是猛将，赖床不起的是谋士（在思考）","{""name"":""从起床气判断武将类型"",""category"":""逆天知识"",""emoji"":""⚔️"",""description"":""睁眼就要砍人的是猛将，赖床不起的是谋士（在思考）""}"
91,"上辈子存的功德余额","玄学运势","💰","查看你这辈子的好运是阔绰还是欠费状态","{""name"":""上辈子存的功德余额"",""category"":""玄学运势"",""emoji"":""💰"",""description"":""查看你这辈子的好运是阔绰还是欠费状态""}"
92,"你的工位风水怎么样","职场发疯","🧭","对着厕所（煞气重）、对着老板（压力大）、对着空调（冷热交替）","{""name"":""你的工位风水怎么样"",""category"":""职场发疯"",""emoji"":""🧭"",""description"":""对着厕所（煞气重）、对着老板（压力大）、对着空调（冷热交替）""}"
93,"确诊为二手市场","性格搞怪","🏪","什么功能都有点，但都不太好使，还总被砍价","{""name"":""确诊为二手市场"",""category"":""性格搞怪"",""emoji"":""🏪"",""description"":""什么功能都有点，但都不太好使，还总被砍价""}"
94,"你的大脑后台程序","趣味整活","💻","80%在播放昨晚的尴尬回忆，20%在思考中午吃什么","{""name"":""你的大脑后台程序"",""category"":""趣味整活"",""emoji"":""💻"",""description"":""80%在播放昨晚的尴尬回忆，20%在思考中午吃什么""}"
95,"用赖床理由推测历史事件","逆天知识","🛌","‘再睡五分钟’导致早朝迟到，间接引发王朝覆灭","{""name"":""用赖床理由推测历史事件"",""category"":""逆天知识"",""emoji"":""🛌"",""description"":""‘再睡五分钟’导致早朝迟到，间接引发王朝覆灭""}"
96,"下辈子的出生点","玄学运势","📍","罗马、新手村，还是直接掉进粪坑里","{""name"":""下辈子的出生点"",""category"":""玄学运势"",""emoji"":""📍"",""description"":""罗马、新手村，还是直接掉进粪坑里""}"
97,"暗恋像在玩什么","情感离谱","🎣","单机游戏（自己演）、钓鱼（愿者上钩）、扫雷（不敢动）","{""name"":""暗恋像在玩什么"",""category"":""情感离谱"",""emoji"":""🎣"",""description"":""单机游戏（自己演）、钓鱼（愿者上钩）、扫雷（不敢动）""}"
98,"职场隐身术修炼等级","职场发疯","👤","完美融入背景板，还是‘虽然看不见但活都是你干的’","{""name"":""职场隐身术修炼等级"",""category"":""职场发疯"",""emoji"":""👤"",""description"":""完美融入背景板，还是‘虽然看不见但活都是你干的’""}"
99,"工位上的神秘失踪事件","职场发疯","🕵️","笔、零食、充电器，总在你最需要的时候人间蒸发。","{""name"":""工位上的神秘失踪事件"",""category"":""职场发疯"",""emoji"":""🕵️"",""description"":""笔、零食、充电器，总在你最需要的时候人间蒸发。""}"
100,"下辈子投胎成什么岗位","玄学运势","🧑‍💼","不是CEO，是公司饮水机，负责听八卦和被人摸鱼时盯着看。","{""name"":""下辈子投胎成什么岗位"",""category"":""玄学运势"",""emoji"":""🧑‍💼"",""description"":""不是CEO，是公司饮水机，负责听八卦和被人摸鱼时盯着看。""}"
101,"社交电池容量","情感离谱","🔋","出门一趟掉电80%，回家充电需要独处48小时。","{""name"":""社交电池容量"",""category"":""情感离谱"",""emoji"":""🔋"",""description"":""出门一趟掉电80%，回家充电需要独处48小时。""}"
102,"给Wi-Fi分配MBTI","趣味整活","📶","你家网络是ENTP（爱辩论，时连时断）还是ISFJ（稳定但慢，默默奉献）？","{""name"":""给Wi-Fi分配MBTI"",""category"":""趣味整活"",""emoji"":""📶"",""description"":""你家网络是ENTP（爱辩论，时连时断）还是ISFJ（稳定但慢，默默奉献）？""}"
103,"你是哪个朝代的民间专家","逆天知识","📜","精通宋代外卖配送体系，或者明代八卦周刊排版。","{""name"":""你是哪个朝代的民间专家"",""category"":""逆天知识"",""emoji"":""📜"",""description"":""精通宋代外卖配送体系，或者明代八卦周刊排版。""}"
104,"灵气复苏后你的本体","玄学运势","✨","不是神兽，是写字楼里一株靠着咖啡因续命的绿萝。","{""name"":""灵气复苏后你的本体"",""category"":""玄学运势"",""emoji"":""✨"",""description"":""不是神兽，是写字楼里一株靠着咖啡因续命的绿萝。""}"
105,"塑料友情鉴定","情感离谱","🛍️","点赞之交是薄塑料袋，能借钱的是加厚款，但都怕火。","{""name"":""塑料友情鉴定"",""category"":""情感离谱"",""emoji"":""🛍️"",""description"":""点赞之交是薄塑料袋，能借钱的是加厚款，但都怕火。""}"
106,"开会时的真实脑内活动","职场发疯","💭","表面在记笔记，心里在给每个发言的人配BGM。","{""name"":""开会时的真实脑内活动"",""category"":""职场发疯"",""emoji"":""💭"",""description"":""表面在记笔记，心里在给每个发言的人配BGM。""}"
107,"备忘录人格","性格搞怪","📝","里面记满了“突然想到的绝妙点子”，第二天看像外星文。","{""name"":""备忘录人格"",""category"":""性格搞怪"",""emoji"":""📝"",""description"":""里面记满了“突然想到的绝妙点子”，第二天看像外星文。""}"
108,"你的手机相册是什么垃圾场","趣味整活","🗑️","截图废料、模糊风景、和八百张角度一样的自拍。","{""name"":""你的手机相册是什么垃圾场"",""category"":""趣味整活"",""emoji"":""🗑️"",""description"":""截图废料、模糊风景、和八百张角度一样的自拍。""}"
109,"通过奶茶订单反推人生","逆天知识","🧋","全糖是年少轻狂，三分糖是向生活妥协，去冰是最后的倔强。","{""name"":""通过奶茶订单反推人生"",""category"":""逆天知识"",""emoji"":""🧋"",""description"":""全糖是年少轻狂，三分糖是向生活妥协，去冰是最后的倔强。""}"
110,"暗恋表达流派","情感离谱","🎨","主动出击型、等天降型、在对方朋友圈考古型、以及自我感动到死型。","{""name"":""暗恋表达流派"",""category"":""情感离谱"",""emoji"":""🎨"",""description"":""主动出击型、等天降型、在对方朋友圈考古型、以及自我感动到死型。""}"
111,"下班前最后五分钟","职场发疯","⏰","时间在这里发生相对论效应，一秒被拉得像一个世纪那么长。","{""name"":""下班前最后五分钟"",""category"":""职场发疯"",""emoji"":""⏰"",""description"":""时间在这里发生相对论效应，一秒被拉得像一个世纪那么长。""}"
112,"确诊为路由器","性格搞怪","📡","看起来很重要，其实谁都想踢你一脚，而且总在深夜被抱怨信号不好。","{""name"":""确诊为路由器"",""category"":""性格搞怪"",""emoji"":""📡"",""description"":""看起来很重要，其实谁都想踢你一脚，而且总在深夜被抱怨信号不好。""}"
113,"你的表情包灵魂伴侣","趣味整活","😈","那个你用得最顺手、最能代表你内心阴暗面的表情，找到了吗？","{""name"":""你的表情包灵魂伴侣"",""category"":""趣味整活"",""emoji"":""😈"",""description"":""那个你用得最顺手、最能代表你内心阴暗面的表情，找到了吗？""}"
114,"冷门生活技巧持有者","逆天知识","🔧","比如，你知道怎么用一张纸让蚊子自杀。","{""name"":""冷门生活技巧持有者"",""category"":""逆天知识"",""emoji"":""🔧"",""description"":""比如，你知道怎么用一张纸让蚊子自杀。""}"
115,"今日运势（准不准你说了算）","玄学运势","🔮","宜：躺在床上；忌：起床。准了请打钱，不准是你心不诚。","{""name"":""今日运势（准不准你说了算）"",""category"":""玄学运势"",""emoji"":""🔮"",""description"":""宜：躺在床上；忌：起床。准了请打钱，不准是你心不诚。""}"
116,"朋友群里的备注名","情感离谱","🏷️","在对方手机里，你可能不叫本名，叫“周五火锅搭子”或“借钱拉黑那位”。","{""name"":""朋友群里的备注名"",""category"":""情感离谱"",""emoji"":""🏷️"",""description"":""在对方手机里，你可能不叫本名，叫“周五火锅搭子”或“借钱拉黑那位”。""}"
117,"摸鱼时创造的副业","职场发疯","🎨","用公司电脑写的网络小说，画的摸鱼小漫画，或者研究的彩票号码规律。","{""name"":""摸鱼时创造的副业"",""category"":""职场发疯"",""emoji"":""🎨"",""description"":""用公司电脑写的网络小说，画的摸鱼小漫画，或者研究的彩票号码规律。""}"
118,"把天聊死锦标赛冠军","性格搞怪","🏆","一句话就能让热闹的群聊瞬间安静，这是一种天赋。","{""name"":""把天聊死锦标赛冠军"",""category"":""性格搞怪"",""emoji"":""🏆"",""description"":""一句话就能让热闹的群聊瞬间安静，这是一种天赋。""}"
119,"如果家具会说话","趣味整活","🛋️","你的沙发会对你的躺平姿势做出什么锐评？","{""name"":""如果家具会说话"",""category"":""趣味整活"",""emoji"":""🛋️"",""description"":""你的沙发会对你的躺平姿势做出什么锐评？""}"
120,"你的外卖人格","逆天知识","🍔","连续一周点同一家店同一种饭，这不是专一，是系统论里的“路径依赖”。","{""name"":""你的外卖人格"",""category"":""逆天知识"",""emoji"":""🍔"",""description"":""连续一周点同一家店同一种饭，这不是专一，是系统论里的“路径依赖”。""}"
121,"未发送消息收藏家","情感离谱","📨","对话框里打了又删的话，比发出去的真心一百倍。","{""name"":""未发送消息收藏家"",""category"":""情感离谱"",""emoji"":""📨"",""description"":""对话框里打了又删的话，比发出去的真心一百倍。""}"
122,"办公室神秘音源","职场发疯","👻","永远不知道是谁的肚子在叫，键盘敲得最响，以及叹气声穿透力最强。","{""name"":""办公室神秘音源"",""category"":""职场发疯"",""emoji"":""👻"",""description"":""永远不知道是谁的肚子在叫，键盘敲得最响，以及叹气声穿透力最强。""}"
123,"深夜思想家","性格搞怪","🤔","白天：嗯嗯好的。凌晨三点：宇宙的尽头是什么？","{""name"":""深夜思想家"",""category"":""性格搞怪"",""emoji"":""🤔"",""description"":""白天：嗯嗯好的。凌晨三点：宇宙的尽头是什么？""}"
124,"选择性耳聋","性格搞怪","👂","妈妈喊吃饭听不见，零食包装袋响了一下立刻闪现。","{""name"":""选择性耳聋"",""category"":""性格搞怪"",""emoji"":""👂"",""description"":""妈妈喊吃饭听不见，零食包装袋响了一下立刻闪现。""}"
125,"你的大脑是什么垃圾处理器","趣味整活","🧠","正经事记不住，十年前的尴尬瞬间循环播放。","{""name"":""你的大脑是什么垃圾处理器"",""category"":""趣味整活"",""emoji"":""🧠"",""description"":""正经事记不住，十年前的尴尬瞬间循环播放。""}"
126,"你是哪种民间传说生物","逆天知识","🐉","不是龙，是那种专偷袜子、让Wi-Fi变慢的灶台小精灵。","{""name"":""你是哪种民间传说生物"",""category"":""逆天知识"",""emoji"":""🐉"",""description"":""不是龙，是那种专偷袜子、让Wi-Fi变慢的灶台小精灵。""}"
127,"本周功德收支表","玄学运势","📊","扶了老奶奶+1，心里骂了老板-10086，目前功德严重赤字。","{""name"":""本周功德收支表"",""category"":""玄学运势"",""emoji"":""📊"",""description"":""扶了老奶奶+1，心里骂了老板-10086，目前功德严重赤字。""}"
128,"恋爱中的阅读理解","情感离谱","📚","对方发个句号，你能写出一篇五千字的中心思想分析。","{""name"":""恋爱中的阅读理解"",""category"":""情感离谱"",""emoji"":""📚"",""description"":""对方发个句号，你能写出一篇五千字的中心思想分析。""}"
129,"带薪如厕时间管理大师","职场发疯","🚽","精确计算每天最划算的摸鱼时段，并形成肌肉记忆。","{""name"":""带薪如厕时间管理大师"",""category"":""职场发疯"",""emoji"":""🚽"",""description"":""精确计算每天最划算的摸鱼时段，并形成肌肉记忆。""}"
130,"内心戏独角戏演员","性格搞怪","🎬","洗澡时是歌王，走路时是战神，实际见面时是哑巴。","{""name"":""内心戏独角戏演员"",""category"":""性格搞怪"",""emoji"":""🎬"",""description"":""洗澡时是歌王，走路时是战神，实际见面时是哑巴。""}"
131,"周一早八的怨气","职场发疯","😤","不是不想上班，是不想周一上班","{""name"":""周一早八的怨气"",""category"":""职场发疯"",""emoji"":""😤"",""description"":""不是不想上班，是不想周一上班""}"
132,"周末失忆症","性格搞怪","🧠","周五晚上计划满满，周日晚上只想躺着","{""name"":""周末失忆症"",""category"":""性格搞怪"",""emoji"":""🧠"",""description"":""周五晚上计划满满，周日晚上只想躺着""}"
133,"工位结界","职场发疯","🛡️","戴上耳机，世界与我无关，除非领导喊我","{""name"":""工位结界"",""category"":""职场发疯"",""emoji"":""🛡️"",""description"":""戴上耳机，世界与我无关，除非领导喊我""}"
134,"摸鱼时间管理大师","职场发疯","⏱️","精准计算领导路过工位的时间，并切换屏幕","{""name"":""摸鱼时间管理大师"",""category"":""职场发疯"",""emoji"":""⏱️"",""description"":""精准计算领导路过工位的时间，并切换屏幕""}"
135,"下班前五分钟相对论","职场发疯","⏳","这五分钟，比白天八小时都漫长","{""name"":""下班前五分钟相对论"",""category"":""职场发疯"",""emoji"":""⏳"",""description"":""这五分钟，比白天八小时都漫长""}"
136,"咖啡续命鉴定","职场发疯","☕","今天第几杯了？不喝这口，脑子就开不了机","{""name"":""咖啡续命鉴定"",""category"":""职场发疯"",""emoji"":""☕"",""description"":""今天第几杯了？不喝这口，脑子就开不了机""}"
137,"周末充电宝","性格搞怪","🔋","电量只够撑到周三，周末是唯一的充电口","{""name"":""周末充电宝"",""category"":""性格搞怪"",""emoji"":""🔋"",""description"":""电量只够撑到周三，周末是唯一的充电口""}"
138,"加班功德","玄学运势","🙏","积攒的加班时长，下辈子能兑换成什么","{""name"":""加班功德"",""category"":""玄学运势"",""emoji"":""🙏"",""description"":""积攒的加班时长，下辈子能兑换成什么""}"
139,"周末人格分裂","性格搞怪","🎭","白天发誓要改变世界，晚上瘫着刷手机到两点","{""name"":""周末人格分裂"",""category"":""性格搞怪"",""emoji"":""🎭"",""description"":""白天发誓要改变世界，晚上瘫着刷手机到两点""}"
140,"你的职场保护色","趣味整活","🦎","是透明人，还是气氛组，还是背锅侠","{""name"":""你的职场保护色"",""category"":""趣味整活"",""emoji"":""🦎"",""description"":""是透明人，还是气氛组，还是背锅侠""}"
141,"PPT驯兽师","职场发疯","🎪","把一堆废话和图表，驯服成能看的形状","{""name"":""PPT驯兽师"",""category"":""职场发疯"",""emoji"":""🎪"",""description"":""把一堆废话和图表，驯服成能看的形状""}"
142,"深夜改稿的怨灵","玄学运势","👹","凌晨两点还在改第8版，灵魂已经出窍","{""name"":""深夜改稿的怨灵"",""category"":""玄学运势"",""emoji"":""👹"",""description"":""凌晨两点还在改第8版，灵魂已经出窍""}"
143,"你的周末重启方式","趣味整活","🔄","是彻底躺平，还是报复性玩耍，还是假装没周末","{""name"":""你的周末重启方式"",""category"":""趣味整活"",""emoji"":""🔄"",""description"":""是彻底躺平，还是报复性玩耍，还是假装没周末""}"
144,"工位失踪物品图鉴","逆天知识","🔍","笔、零食、充电器…总在需要的时候神秘消失","{""name"":""工位失踪物品图鉴"",""category"":""逆天知识"",""emoji"":""🔍"",""description"":""笔、零食、充电器…总在需要的时候神秘消失""}"
145,"下班后失联等级","性格搞怪","📵","消息秒回，还是已读不回，还是直接人间蒸发","{""name"":""下班后失联等级"",""category"":""性格搞怪"",""emoji"":""📵"",""description"":""消息秒回，还是已读不回，还是直接人间蒸发""}"
146,"你的KPI是啥","趣味整活","📊","人生的KPI，可能是今天成功摸鱼不被发现","{""name"":""你的KPI是啥"",""category"":""趣味整活"",""emoji"":""📊"",""description"":""人生的KPI，可能是今天成功摸鱼不被发现""}"
147,"你的摸鱼搭子","情感离谱","🤝","那个一起上厕所、一起下楼拿快递的革命战友","{""name"":""你的摸鱼搭子"",""category"":""情感离谱"",""emoji"":""🤝"",""description"":""那个一起上厕所、一起下楼拿快递的革命战友""}"
148,"前世加班猝死鉴定","玄学运势","💀","这辈子这么怕加班，是不是上辈子有阴影","{""name"":""前世加班猝死鉴定"",""category"":""玄学运势"",""emoji"":""💀"",""description"":""这辈子这么怕加班，是不是上辈子有阴影""}"
149,"你的工作待机模式","性格搞怪","💤","看起来在干活，其实大脑在待机，等下班指令","{""name"":""你的工作待机模式"",""category"":""性格搞怪"",""emoji"":""💤"",""description"":""看起来在干活，其实大脑在待机，等下班指令""}"
150,"通勤路上的修行","逆天知识","🚇","挤地铁练就的缩骨功和面无表情神功","{""name"":""通勤路上的修行"",""category"":""逆天知识"",""emoji"":""🚇"",""description"":""挤地铁练就的缩骨功和面无表情神功""}"
151,"你的怨气收集器","职场发疯","📦","工位上的某个小物件，专门吸收你的负能量","{""name"":""你的怨气收集器"",""category"":""职场发疯"",""emoji"":""📦"",""description"":""工位上的某个小物件，专门吸收你的负能量""}"
152,"下班后回血速度","逆天知识","💉","有人需要一整晚，有人出公司门就满血复活","{""name"":""下班后回血速度"",""category"":""逆天知识"",""emoji"":""💉"",""description"":""有人需要一整晚，有人出公司门就满血复活""}"
153,"你的摸鱼BGM","趣味整活","🎵","戴上耳机听什么，决定了你今天的摸鱼质量","{""name"":""你的摸鱼BGM"",""category"":""趣味整活"",""emoji"":""🎵"",""description"":""戴上耳机听什么，决定了你今天的摸鱼质量""}"
154,"职场小强命格","玄学运势","🪳","怎么骂都骂不走，怎么卷都卷不死，生命力顽强","{""name"":""职场小强命格"",""category"":""玄学运势"",""emoji"":""🪳"",""description"":""怎么骂都骂不走，怎么卷都卷不死，生命力顽强""}"
155,"周末计划破产专家","性格搞怪","🏦","计划很丰满，执行很骨感，最后都在床上度过","{""name"":""周末计划破产专家"",""category"":""性格搞怪"",""emoji"":""🏦"",""description"":""计划很丰满，执行很骨感，最后都在床上度过""}"
156,"你的请假理由库","逆天知识","🗂️","从“肚子疼”到“家里有事”，你的储备有多丰富","{""name"":""你的请假理由库"",""category"":""逆天知识"",""emoji"":""🗂️"",""description"":""从“肚子疼”到“家里有事”，你的储备有多丰富""}"
157,"深夜加班emo等级","情感离谱","🌃","从怀疑人生，到想立刻辞职，到麻木地继续敲键盘","{""name"":""深夜加班emo等级"",""category"":""情感离谱"",""emoji"":""🌃"",""description"":""从怀疑人生，到想立刻辞职，到麻木地继续敲键盘""}"
158,"你的职场替身","趣味整活","👤","想象中那个在认真工作的你，和实际上的你","{""name"":""你的职场替身"",""category"":""趣味整活"",""emoji"":""👤"",""description"":""想象中那个在认真工作的你，和实际上的你""}"
159,"摸鱼时的大脑活动","逆天知识","🧠","表面在回邮件，内心在策划晚上吃火锅还是烧烤","{""name"":""摸鱼时的大脑活动"",""category"":""逆天知识"",""emoji"":""🧠"",""description"":""表面在回邮件，内心在策划晚上吃火锅还是烧烤""}"
160,"你的下班仪式感","性格搞怪","🎉","是关电脑的瞬间，是打卡的声音，还是走出大楼的那口气","{""name"":""你的下班仪式感"",""category"":""性格搞怪"",""emoji"":""🎉"",""description"":""是关电脑的瞬间，是打卡的声音，还是走出大楼的那口气""}"
161,"前世是摸鱼达人吗","玄学运势","🎣","这辈子这么会摸，是不是上辈子练过","{""name"":""前世是摸鱼达人吗"",""category"":""玄学运势"",""emoji"":""🎣"",""description"":""这辈子这么会摸，是不是上辈子练过""}"
162,"职场隐形人修炼手册","职场发疯","👻","如何降低存在感，让领导忘记给你派活","{""name"":""职场隐形人修炼手册"",""category"":""职场发疯"",""emoji"":""👻"",""description"":""如何降低存在感，让领导忘记给你派活""}"
163,"周末时间膨胀现象","逆天知识","🕰️","感觉刚放假，怎么就周一了？时间被谁偷走了","{""name"":""周末时间膨胀现象"",""category"":""逆天知识"",""emoji"":""🕰️"",""description"":""感觉刚放假，怎么就周一了？时间被谁偷走了""}"
164,"你的精神离职日期","情感离谱","📅","身体还在上班，灵魂的离职申请已经交了一百遍","{""name"":""你的精神离职日期"",""category"":""情感离谱"",""emoji"":""📅"",""description"":""身体还在上班，灵魂的离职申请已经交了一百遍""}"
165,"工位零食生态学","趣味整活","🍫","你的抽屉里，藏着怎样一个完整的零食生态系统","{""name"":""工位零食生态学"",""category"":""趣味整活"",""emoji"":""🍫"",""description"":""你的抽屉里，藏着怎样一个完整的零食生态系统""}"
166,"加班福报转化率","玄学运势","💰","加的班，有多少能真正变成福报（比如调休）","{""name"":""加班福报转化率"",""category"":""玄学运势"",""emoji"":""💰"",""description"":""加的班，有多少能真正变成福报（比如调休）""}"
167,"你的周末重启键在哪","性格搞怪","🔘","是睡到自然醒，是喝一杯奶茶，还是彻底打扫房间","{""name"":""你的周末重启键在哪"",""category"":""性格搞怪"",""emoji"":""🔘"",""description"":""是睡到自然醒，是喝一杯奶茶，还是彻底打扫房间""}"
168,"你的精神宠物是什么","趣味整活","🦔","别人养猫养狗，你脑子里养着一只随时会炸毛的刺猬。","{""name"":""你的精神宠物是什么"",""category"":""趣味整活"",""emoji"":""🦔"",""description"":""别人养猫养狗，你脑子里养着一只随时会炸毛的刺猬。""}"
169,"恋爱中的离谱角色","情感离谱","🎭","是“自我攻略型选手”还是“等对方先死的守株待兔型”？","{""name"":""恋爱中的离谱角色"",""category"":""情感离谱"",""emoji"":""🎭"",""description"":""是“自我攻略型选手”还是“等对方先死的守株待兔型”？""}"
170,"你的暗恋属于什么流派","情感离谱","💘","是“视奸对方所有社交平台但绝不说话”的忍者流，还是“疯狂暗示到对方报警”的直球流？","{""name"":""你的暗恋属于什么流派"",""category"":""情感离谱"",""emoji"":""💘"",""description"":""是“视奸对方所有社交平台但绝不说话”的忍者流，还是“疯狂暗示到对方报警”的直球流？""}"
171,"慢性待机确诊","性格搞怪","⏸️","人在这里，魂在别处。启动需要十分钟，运行五分钟就卡顿。","{""name"":""慢性待机确诊"",""category"":""性格搞怪"",""emoji"":""⏸️"",""description"":""人在这里，魂在别处。启动需要十分钟，运行五分钟就卡顿。""}"
172,"开会时的真实精神状态","职场发疯","🧠","表面在记笔记，脑子里在放《甄嬛传》，并且已经演到滴血认亲了。","{""name"":""开会时的真实精神状态"",""category"":""职场发疯"",""emoji"":""🧠"",""description"":""表面在记笔记，脑子里在放《甄嬛传》，并且已经演到滴血认亲了。""}"
173,"你的外卖记录人生转折点","逆天知识","📈","从麻辣烫到轻食沙拉，记录了你从放纵到自律（失败）的全过程。","{""name"":""你的外卖记录人生转折点"",""category"":""逆天知识"",""emoji"":""📈"",""description"":""从麻辣烫到轻食沙拉，记录了你从放纵到自律（失败）的全过程。""}"
174,"把天聊死专业几级","性格搞怪","💀","一句话就能让热闹的群聊瞬间冷场，并收获一串省略号。","{""name"":""把天聊死专业几级"",""category"":""性格搞怪"",""emoji"":""💀"",""description"":""一句话就能让热闹的群聊瞬间冷场，并收获一串省略号。""}"
175,"深夜矫情浓度检测","情感离谱","🌙","凌晨两点，打开备忘录开始写诗，天亮一看尴尬到脚趾抠地。","{""name"":""深夜矫情浓度检测"",""category"":""情感离谱"",""emoji"":""🌙"",""description"":""凌晨两点，打开备忘录开始写诗，天亮一看尴尬到脚趾抠地。""}"
176,"在同事眼里的人设","性格搞怪","👀","是“那个总在厕所摸鱼的人”，还是“消息秒回的AI同事”？","{""name"":""在同事眼里的人设"",""category"":""性格搞怪"",""emoji"":""👀"",""description"":""是“那个总在厕所摸鱼的人”，还是“消息秒回的AI同事”？""}"
177,"用奶茶配料看性格","逆天知识","🧋","全糖加料的是享乐主义，无糖去冰的是苦行僧，波霸单独放一边的是强迫症。","{""name"":""用奶茶配料看性格"",""category"":""逆天知识"",""emoji"":""🧋"",""description"":""全糖加料的是享乐主义，无糖去冰的是苦行僧，波霸单独放一边的是强迫症。""}"
178,"你的网络人格分裂指数","趣味整活","🧩","微博发疯，朋友圈装死，小红书岁月静好，豆瓣阴暗爬行。","{""name"":""你的网络人格分裂指数"",""category"":""趣味整活"",""emoji"":""🧩"",""description"":""微博发疯，朋友圈装死，小红书岁月静好，豆瓣阴暗爬行。""}"
179,"床头水杯数量","性格搞怪","🥛","三个起步，五个正常。每个都喝了一口，但永远想不起哪个是昨晚的。","{""name"":""床头水杯数量"",""category"":""性格搞怪"",""emoji"":""🥛"",""description"":""三个起步，五个正常。每个都喝了一口，但永远想不起哪个是昨晚的。""}"
180,"灵气复苏你在哪一层","玄学运势","✨","是刚能看见阿飘的入门级，还是已经能用意念关灯的宗师级？","{""name"":""灵气复苏你在哪一层"",""category"":""玄学运势"",""emoji"":""✨"",""description"":""是刚能看见阿飘的入门级，还是已经能用意念关灯的宗师级？""}"
181,"摸鱼时的手部小动作","职场发疯","🖱️","转笔、抠键盘、假装在打字其实在刷微博，一套动作行云流水。","{""name"":""摸鱼时的手部小动作"",""category"":""职场发疯"",""emoji"":""🖱️"",""description"":""转笔、抠键盘、假装在打字其实在刷微博，一套动作行云流水。""}"
182,"未发送的微信消息","情感离谱","📱","对话框里打了又删、删了又打，最后只发出去一个“嗯”或者表情包。","{""name"":""未发送的微信消息"",""category"":""情感离谱"",""emoji"":""📱"",""description"":""对话框里打了又删、删了又打，最后只发出去一个“嗯”或者表情包。""}"
183,"出门前的准备时长","性格搞怪","🚪","说“马上出门”，其实还要经历找钥匙、换鞋、突然想上厕所等半小时流程。","{""name"":""出门前的准备时长"",""category"":""性格搞怪"",""emoji"":""🚪"",""description"":""说“马上出门”，其实还要经历找钥匙、换鞋、突然想上厕所等半小时流程。""}"
184,"寿命计算（离谱版）","玄学运势","📅","根据你熬夜的天数、奶茶的杯数和生气的频率，重新估算你的阳寿。","{""name"":""寿命计算（离谱版）"",""category"":""玄学运势"",""emoji"":""📅"",""description"":""根据你熬夜的天数、奶茶的杯数和生气的频率，重新估算你的阳寿。""}"
185,"你是哪个小众领域专家","逆天知识","🔬","可能是“如何快速在超市找到打折商品”领域的民间诺贝尔奖得主。","{""name"":""你是哪个小众领域专家"",""category"":""逆天知识"",""emoji"":""🔬"",""description"":""可能是“如何快速在超市找到打折商品”领域的民间诺贝尔奖得主。""}"
186,"你和最好朋友的相似度","趣味整活","👯","不用说话就知道对方下一句要吐槽什么，连笑点都长在同一个地方。","{""name"":""你和最好朋友的相似度"",""category"":""趣味整活"",""emoji"":""👯"",""description"":""不用说话就知道对方下一句要吐槽什么，连笑点都长在同一个地方。""}"
187,"恋爱脑发作周期","情感离谱","💓","每月总有那么几天，看谁都觉得“他是不是喜欢我”，连路过的狗都像在对你笑。","{""name"":""恋爱脑发作周期"",""category"":""情感离谱"",""emoji"":""💓"",""description"":""每月总有那么几天，看谁都觉得“他是不是喜欢我”，连路过的狗都像在对你笑。""}"
188,"备忘录里的奇怪清单","性格搞怪","📒","存着“想吃的店”、“骂人的话”、“半夜的灵感”，但永远想不起打开看。","{""name"":""备忘录里的奇怪清单"",""category"":""性格搞怪"",""emoji"":""📒"",""description"":""存着“想吃的店”、“骂人的话”、“半夜的灵感”，但永远想不起打开看。""}"
189,"上辈子是什么职业（冷门版）","玄学运势","⚔️","不是皇帝将军，是驿站喂马的、茶馆说书的、或者专门给城墙贴小广告的。","{""name"":""上辈子是什么职业（冷门版）"",""category"":""玄学运势"",""emoji"":""⚔️"",""description"":""不是皇帝将军，是驿站喂马的、茶馆说书的、或者专门给城墙贴小广告的。""}"
190,"通过歌单看人生阶段","逆天知识","🎵","从“伤心情歌”到“儿歌大全”，记录了你从为爱流泪到为娃崩溃的全过程。","{""name"":""通过歌单看人生阶段"",""category"":""逆天知识"",""emoji"":""🎵"",""description"":""从“伤心情歌”到“儿歌大全”，记录了你从为爱流泪到为娃崩溃的全过程。""}"
191,"你的互联网嘴替是谁","趣味整活","🗣️","是某个暴躁博主，还是某个阴阳怪气的bot？你不敢说的，ta都说了。","{""name"":""你的互联网嘴替是谁"",""category"":""趣味整活"",""emoji"":""🗣️"",""description"":""是某个暴躁博主，还是某个阴阳怪气的bot？你不敢说的，ta都说了。""}"
192,"对crush的搜索记录","情感离谱","🔎","从名字到星座，从学校到公司，甚至搜过他三年前点赞过的一条微博。","{""name"":""对crush的搜索记录"",""category"":""情感离谱"",""emoji"":""🔎"",""description"":""从名字到星座，从学校到公司，甚至搜过他三年前点赞过的一条微博。""}"
193,"“再玩五分钟就睡”重症","性格搞怪","⏳","五个五分钟过去，天亮了，你还在刷手机，并坚信这次真的只差一点。","{""name"":""“再玩五分钟就睡”重症"",""category"":""性格搞怪"",""emoji"":""⏳"",""description"":""五个五分钟过去，天亮了，你还在刷手机，并坚信这次真的只差一点。""}"
194,"今天的运势（自己说了算）","玄学运势","🔮","不准？那是你心不诚。准了？那是我算得灵。横竖都是你对。","{""name"":""今天的运势（自己说了算）"",""category"":""玄学运势"",""emoji"":""🔮"",""description"":""不准？那是你心不诚。准了？那是我算得灵。横竖都是你对。""}"
195,"你的拖延症具体型号","逆天知识","🐌","是“死线前爆种型”，还是“干脆忘了型”，或者是“假装在忙其他事型”？","{""name"":""你的拖延症具体型号"",""category"":""逆天知识"",""emoji"":""🐌"",""description"":""是“死线前爆种型”，还是“干脆忘了型”，或者是“假装在忙其他事型”？""}"
196,"办公室神秘失踪事件2.0","职场发疯","👻","这次消失的不是物品，是“想工作的心情”和“对未来的希望”。","{""name"":""办公室神秘失踪事件2.0"",""category"":""职场发疯"",""emoji"":""👻"",""description"":""这次消失的不是物品，是“想工作的心情”和“对未来的希望”。""}"
197,"废话大师鉴定","趣味整活","🗣️","能把“今天天气不错”说成一篇论文，你说的话，信息密度比空气还低。","{""name"":""废话大师鉴定"",""category"":""趣味整活"",""emoji"":""🗣️"",""description"":""能把“今天天气不错”说成一篇论文，你说的话，信息密度比空气还低。""}
"
198,"把天聊死流派","情感离谱","💀","你是“嗯嗯哦哦”派，还是“突然开始讲道理”派？","{""name"":""把天聊死流派"",""category"":""情感离谱"",""emoji"":""💀"",""description"":""你是“嗯嗯哦哦”派，还是“突然开始讲道理”派？""}"
199,"深夜矫情等级","情感离谱","🌙","从“我很好”到翻三年前朋友圈并点赞，一共分几级？","{""name"":""深夜矫情等级"",""category"":""情感离谱"",""emoji"":""🌙"",""description"":""从“我很好”到翻三年前朋友圈并点赞，一共分几级？""}"
200,"跟历史人物的共同点","逆天知识","📜","你和李白都爱喝酒，和杜甫一样穷，和苏轼一样被贬（流放）到工位。","{""name"":""跟历史人物的共同点"",""category"":""逆天知识"",""emoji"":""📜"",""description"":""你和李白都爱喝酒，和杜甫一样穷，和苏轼一样被贬（流放）到工位。""}"
201,"外卖记录反推人生","逆天知识","🍱","连续一周麻辣香锅，说明你正在渡劫。突然开始点沙拉，说明劫渡完了，或者放弃了。","{""name"":""外卖记录反推人生"",""category"":""逆天知识"",""emoji"":""🍱"",""description"":""连续一周麻辣香锅，说明你正在渡劫。突然开始点沙拉，说明劫渡完了，或者放弃了。""}"
202,"投胎成什么家用电器","玄学运势","🔌","是24小时待机的路由器，还是一个月用一次的空气炸锅？","{""name"":""投胎成什么家用电器"",""category"":""玄学运势"",""emoji"":""🔌"",""description"":""是24小时待机的路由器，还是一个月用一次的空气炸锅？""}"
203,"你眼中的自己 vs 别人眼中的你","性格搞怪","👁️","你以为你是高冷猫系，其实在别人那是热情哈士奇。","{""name"":""你眼中的自己 vs 别人眼中的你"",""category"":""性格搞怪"",""emoji"":""👁️"",""description"":""你以为你是高冷猫系，其实在别人那是热情哈士奇。""}"
204,"没人理解的生活习惯","性格搞怪","🤫","比如吃薯条必须一根一根蘸番茄酱，比如睡前必须刷十分钟无聊短视频。","{""name"":""没人理解的生活习惯"",""category"":""性格搞怪"",""emoji"":""🤫"",""description"":""比如吃薯条必须一根一根蘸番茄酱，比如睡前必须刷十分钟无聊短视频。""}"
205,"用睡觉姿势推测历史地位","逆天知识","🛌","蜷缩如虾米——隐士。四仰八叉——君王。趴着睡——可能是个探子。","{""name"":""用睡觉姿势推测历史地位"",""category"":""逆天知识"",""emoji"":""🛌"",""description"":""蜷缩如虾米——隐士。四仰八叉——君王。趴着睡——可能是个探子。""}"
206,"今天的运势，准不准你说了算","玄学运势","🔮","“宜摸鱼，忌开会”。准了就是神算，不准就是心诚则灵。","{""name"":""今天的运势，准不准你说了算"",""category"":""玄学运势"",""emoji"":""🔮"",""description"":""“宜摸鱼，忌开会”。准了就是神算，不准就是心诚则灵。""}"
207,"对暗恋对象的表达方式","情感离谱","💌","是朋友圈仅他可见的深夜网易云，还是聊天记录翻烂了也不敢发个表情包？","{""name"":""对暗恋对象的表达方式"",""category"":""情感离谱"",""emoji"":""💌"",""description"":""是朋友圈仅他可见的深夜网易云，还是聊天记录翻烂了也不敢发个表情包？""}"
208,"社交强制关机时刻","情感离谱","🔄","当话题转到你不懂的领域，或者有人开始凡尔赛，你的系统就自动黑屏了。","{""name"":""社交强制关机时刻"",""category"":""情感离谱"",""emoji"":""🔄"",""description"":""当话题转到你不懂的领域，或者有人开始凡尔赛，你的系统就自动黑屏了。""}"
209,"给日常物品分配MBTI","趣味整活","🏷️","马桶是ISTJ（一丝不苟），WiFi是ENFP（热情但不稳定），你的枕头是INFP（吸收所有情绪）。","{""name"":""给日常物品分配MBTI"",""category"":""趣味整活"",""emoji"":""🏷️"",""description"":""马桶是ISTJ（一丝不苟），WiFi是ENFP（热情但不稳定），你的枕头是INFP（吸收所有情绪）。""}"
210,"跟表情包的灵魂契合度","趣味整活","😭","那个“笑着流泪”的熊猫头，是不是你的人生写照？","{""name"":""跟表情包的灵魂契合度"",""category"":""趣味整活"",""emoji"":""😭"",""description"":""那个“笑着流泪”的熊猫头，是不是你的人生写照？""}"
211,"证明你和朋友是同一个人","趣味整活","👯","聊天记录里一半是“哈哈哈哈”，另一半是“你也是？？？”","{""name"":""证明你和朋友是同一个人"",""category"":""趣味整活"",""emoji"":""👯"",""description"":""聊天记录里一半是“哈哈哈哈”，另一半是“你也是？？？”""}"
212,"你的翻聊天记录流派","性格搞怪","🔍","从第一条翻到三天前，翻完又翻回来——你就是这样的人。","{""name"":""你的翻聊天记录流派"",""category"":""性格搞怪"",""emoji"":""🔍"",""description"":""从第一条翻到三天前，翻完又翻回来——你就是这样的人。""}"
213,"备忘录里的未发送内容","情感离谱","📓","写满了想说的话，最后都变成了“算了”。","{""name"":""备忘录里的未发送内容"",""category"":""情感离谱"",""emoji"":""📓"",""description"":""写满了想说的话，最后都变成了“算了”。""}"
214,"你的外卖连续剧","逆天知识","🎬","第一集：探索新店。第十集：还是那家黄焖鸡。大结局：泡面。","{""name"":""你的外卖连续剧"",""category"":""逆天知识"",""emoji"":""🎬"",""description"":""第一集：探索新店。第十集：还是那家黄焖鸡。大结局：泡面。""}"
215,"摸鱼时的搜索引擎记录","职场发疯","🌐","从“如何快速致富”到“附近哪家奶茶好喝”，记录了你跌宕起伏的职业生涯。","{""name"":""摸鱼时的搜索引擎记录"",""category"":""职场发疯"",""emoji"":""🌐"",""description"":""从“如何快速致富”到“附近哪家奶茶好喝”，记录了你跌宕起伏的职业生涯。""}"
216,"确诊为“已读不回”型人格","情感离谱","👁️‍🗨️","不是不想回，是手指它有自己的想法，比如点开，然后退出。","{""name"":""确诊为“已读不回”型人格"",""category"":""情感离谱"",""emoji"":""👁️‍🗨️"",""description"":""不是不想回，是手指它有自己的想法，比如点开，然后退出。""}"
217,"你的“算了”能量槽","性格搞怪","⚡","从“我要据理力争”到“算了算了”，只需要对方一个迷惑操作。","{""name"":""你的“算了”能量槽"",""category"":""性格搞怪"",""emoji"":""⚡"",""description"":""从“我要据理力争”到“算了算了”，只需要对方一个迷惑操作。""}"
218,"通过歌单诊断近期状态","逆天知识","🎧","全是伤感情歌——失恋了。全是电音——要加班了。儿歌循环——彻底疯了。","{""name"":""通过歌单诊断近期状态"",""category"":""逆天知识"",""emoji"":""🎧"",""description"":""全是伤感情歌——失恋了。全是电音——要加班了。儿歌循环——彻底疯了。""}"
219,"上辈子是驿站喂马的","玄学运势","🐎","这辈子对“马上就好”“在路上了”这种话，有刻在DNA里的PTSD。","{""name"":""上辈子是驿站喂马的"",""category"":""玄学运势"",""emoji"":""🐎"",""description"":""这辈子对“马上就好”“在路上了”这种话，有刻在DNA里的PTSD。""}"
220,"朋友群的潜水并截图大师","趣味整活","📸","不说话，但每一个梗图、每一段黑历史，你都默默保存了下来。","{""name"":""朋友群的潜水并截图大师"",""category"":""趣味整活"",""emoji"":""📸"",""description"":""不说话，但每一个梗图、每一段黑历史，你都默默保存了下来。""}"
221,"单身饭桶鉴定","性格搞怪","🍚","点外卖永远凑满减，吃不完的第二天热热接着吃，冰箱里永远有半盒剩菜","{""name"":""单身饭桶鉴定"",""category"":""性格搞怪"",""emoji"":""🍚"",""description"":""点外卖永远凑满减，吃不完的第二天热热接着吃，冰箱里永远有半盒剩菜""}"
222,"猫奴等级测试","性格搞怪","🐱","发工资先给猫买罐罐，自己啃泡面，手机相册一万张猫片没一张自拍","{""name"":""猫奴等级测试"",""category"":""性格搞怪"",""emoji"":""🐱"",""description"":""发工资先给猫买罐罐，自己啃泡面，手机相册一万张猫片没一张自拍""}"
223,"熬夜肝游戏人","性格搞怪","🎮","定闹钟起来清日常，打输了气的拍桌子，赢了能乐半小时，队友菜比自己输了还气","{""name"":""熬夜肝游戏人"",""category"":""性格搞怪"",""emoji"":""🎮"",""description"":""定闹钟起来清日常，打输了气的拍桌子，赢了能乐半小时，队友菜比自己输了还气""}"
224,"追星氪金能手","性格搞怪","💳","专辑买十张拆重复也开心，周边堆半墙，代言的产品就算用不上也要凑销量","{""name"":""追星氪金能手"",""category"":""性格搞怪"",""emoji"":""💳"",""description"":""专辑买十张拆重复也开心，周边堆半墙，代言的产品就算用不上也要凑销量""}"
225,"路边摊狙击手","性格搞怪","🍢","下班路上闻着味就能找到新开的炸串摊，哪家烤冷面多放酱门儿清","{""name"":""路边摊狙击手"",""category"":""性格搞怪"",""emoji"":""🍢"",""description"":""下班路上闻着味就能找到新开的炸串摊，哪家烤冷面多放酱门儿清""}"
226,"单身沙发焊死","趣味整活","🛋️","周末能在沙发上瘫一天，外卖到了才挪屁股，遥控器永远在伸手能碰到的地方","{""name"":""单身沙发焊死"",""category"":""趣味整活"",""emoji"":""🛋️"",""description"":""周末能在沙发上瘫一天，外卖到了才挪屁股，遥控器永远在伸手能碰到的地方""}"
227,"狗语八级学者","趣味整活","🐶","路上看见狗就想汪汪两声打招呼，能精准分辨自家狗叫是要吃饭还是要出门","{""name"":""狗语八级学者"",""category"":""趣味整活"",""emoji"":""🐶"",""description"":""路上看见狗就想汪汪两声打招呼，能精准分辨自家狗叫是要吃饭还是要出门""}"
228,"抽卡非酋认证","趣味整活","🎴","次次大保底，抽卡前洗手拜神没用，别人十连三黄你十连全R","{""name"":""抽卡非酋认证"",""category"":""趣味整活"",""emoji"":""🎴"",""description"":""次次大保底，抽卡前洗手拜神没用，别人十连三黄你十连全R""}"
229,"追星站姐代餐","趣味整活","📸","接机举着大炮比记者跑的快，修图比上班认真，爱豆发微博比自己中奖还激动","{""name"":""追星站姐代餐"",""category"":""趣味整活"",""emoji"":""📸"",""description"":""接机举着大炮比记者跑的快，修图比上班认真，爱豆发微博比自己中奖还激动""}"
230,"吃辣段位测评","趣味整活","🌶️","吃火锅要特辣，吸着鼻涕擦着汗还说不辣，第二天屁股疼才后悔嘴硬","{""name"":""吃辣段位测评"",""category"":""趣味整活"",""emoji"":""🌶️"",""description"":""吃火锅要特辣，吸着鼻涕擦着汗还说不辣，第二天屁股疼才后悔嘴硬""}"
231,"单身时长换算","逆天知识","⏳","单身的时间够看完三遍四大名著，熟练掌握一个人吃火锅不被收碗的技巧","{""name"":""单身时长换算"",""category"":""逆天知识"",""emoji"":""⏳"",""description"":""单身的时间够看完三遍四大名著，熟练掌握一个人吃火锅不被收碗的技巧""}"
232,"猫掉毛量计算","逆天知识","🧶","家里猫掉的毛攒起来能织三件毛衣，黑衣服永远沾着猫毛，出门拍半小时也拍不干净","{""name"":""猫掉毛量计算"",""category"":""逆天知识"",""emoji"":""🧶"",""description"":""家里猫掉的毛攒起来能织三件毛衣，黑衣服永远沾着猫毛，出门拍半小时也拍不干净""}"
233,"游戏按键磨损度","逆天知识","⌨️","键盘WASD键磨的发白，手柄摇杆掉皮，不用看也能精准按到技能键","{""name"":""游戏按键磨损度"",""category"":""逆天知识"",""emoji"":""⌨️"",""description"":""键盘WASD键磨的发白，手柄摇杆掉皮，不用看也能精准按到技能键""}"
234,"爱豆同款相似度","逆天知识","👕","能精准认出爱豆今天戴的帽子是三年前买的同款，路人扫一眼就能认出自家应援色","{""name"":""爱豆同款相似度"",""category"":""逆天知识"",""emoji"":""👕"",""description"":""能精准认出爱豆今天戴的帽子是三年前买的同款，路人扫一眼就能认出自家应援色""}"
235,"奶茶糖分计算师","逆天知识","🧋","喝一口就知道奶茶糖放多了还是少了，哪家珍珠煮的够糯哪家茶底涩门儿清","{""name"":""奶茶糖分计算师"",""category"":""逆天知识"",""emoji"":""🧋"",""description"":""喝一口就知道奶茶糖放多了还是少了，哪家珍珠煮的够糯哪家茶底涩门儿清""}"
236,"单身桃花转世","玄学运势","🌸","上辈子可能是个桃花树，这辈子全是烂桃花，正缘永远在别人的恋爱里","{""name"":""单身桃花转世"",""category"":""玄学运势"",""emoji"":""🌸"",""description"":""上辈子可能是个桃花树，这辈子全是烂桃花，正缘永远在别人的恋爱里""}"
237,"宠物前世身份","玄学运势","🐾","你家猫上辈子肯定是你祖宗，这辈子来讨债的，天天拆家你还得哄着","{""name"":""宠物前世身份"",""category"":""玄学运势"",""emoji"":""🐾"",""description"":""你家猫上辈子肯定是你祖宗，这辈子来讨债的，天天拆家你还得哄着""}"
238,"游戏皮肤运气","玄学运势","✨","抽皮肤前改ID换头像拜欧皇，最后还是用6块钱的原皮，限定永远跟你无缘","{""name"":""游戏皮肤运气"",""category"":""玄学运势"",""emoji"":""✨"",""description"":""抽皮肤前改ID换头像拜欧皇，最后还是用6块钱的原皮，限定永远跟你无缘""}"
239,"追星缘分指数","玄学运势","💫","抢票永远陪跑，演唱会永远赶上你加班，同城活动你永远在外地出差","{""name"":""追星缘分指数"",""category"":""玄学运势"",""emoji"":""💫"",""description"":""抢票永远陪跑，演唱会永远赶上你加班，同城活动你永远在外地出差""}"
240,"吃货财运关联","玄学运势","🍜","发工资当天必想吃顿好的，吃完就发现这个月又要吃土，钱全花在嘴上了","{""name"":""吃货财运关联"",""category"":""玄学运势"",""emoji"":""🍜"",""description"":""发工资当天必想吃顿好的，吃完就发现这个月又要吃土，钱全花在嘴上了""}"
241,"单身等死型恋爱","情感离谱","🤷","嘴上喊着要对象，有人撩你你就跑，朋友圈天天看别人谈恋爱，自己就是不行动","{""name"":""单身等死型恋爱"",""category"":""情感离谱"",""emoji"":""🤷"",""description"":""嘴上喊着要对象，有人撩你你就跑，朋友圈天天看别人谈恋爱，自己就是不行动""}"
242,"宠物争宠大师","情感离谱","😤","看见对象撸别人家的猫就吃醋，自家猫跟对象亲你还得跟猫置气","{""name"":""宠物争宠大师"",""category"":""情感离谱"",""emoji"":""😤"",""description"":""看见对象撸别人家的猫就吃醋，自家猫跟对象亲你还得跟猫置气""}"
243,"游戏cp绝缘体","情感离谱","💔","打游戏遇见的要么是小学生要么是已婚大叔，处cp永远处成兄弟","{""name"":""游戏cp绝缘体"",""category"":""情感离谱"",""emoji"":""💔"",""description"":""打游戏遇见的要么是小学生要么是已婚大叔，处cp永远处成兄弟""}"
244,"追星梦女等级","情感离谱","💌","刷到爱豆物料能脑补出十万字同人文，连以后孩子叫什么都想好了","{""name"":""追星梦女等级"",""category"":""情感离谱"",""emoji"":""💌"",""description"":""刷到爱豆物料能脑补出十万字同人文，连以后孩子叫什么都想好了""}"
245,"饭搭子绝交阈值","情感离谱","🙅","饭搭子敢抢你碗里最后一块肉，当场就能绝交半小时，给你买杯奶茶又和好","{""name"":""饭搭子绝交阈值"",""category"":""情感离谱"",""emoji"":""🙅"",""description"":""饭搭子敢抢你碗里最后一块肉，当场就能绝交半小时，给你买杯奶茶又和好""}"
246,"带薪撸鱼达人","职场发疯","🐟","上班没事就刷宠物视频，老板过来就切到报表，手机屏保是自家猫","{""name"":""带薪撸鱼达人"",""category"":""职场发疯"",""emoji"":""🐟"",""description"":""上班没事就刷宠物视频，老板过来就切到报表，手机屏保是自家猫""}"
247,"上班摸鱼打游戏","职场发疯","🕹️","电脑开着工作界面，手机在底下打排位，队友坑了不敢骂出声憋的脸通红","{""name"":""上班摸鱼打游戏"",""category"":""职场发疯"",""emoji"":""🕹️"",""description"":""电脑开着工作界面，手机在底下打排位，队友坑了不敢骂出声憋的脸通红""}"
248,"工位追星隐蔽者","职场发疯","🤫","工位上摆着爱豆小卡，电脑壁纸是爱豆，听见同事说爱豆坏话当场就能阴阳怪气","{""name"":""工位追星隐蔽者"",""category"":""职场发疯"",""emoji"":""🤫"",""description"":""工位上摆着爱豆小卡，电脑壁纸是爱豆，听见同事说爱豆坏话当场就能阴阳怪气""}"
249,"带薪蹲点抢外卖","职场发疯","🥡","十点半就开始刷外卖平台，凑满减凑半小时，下班前五分钟就盯着外卖员定位","{""name"":""带薪蹲点抢外卖"",""category"":""职场发疯"",""emoji"":""🥡"",""description"":""十点半就开始刷外卖平台，凑满减凑半小时，下班前五分钟就盯着外卖员定位""}"
250,"下班光速消失术","职场发疯","🏃","下班铃一响电脑都来不及关，要么赶着回家喂猫要么赶着上线打游戏，多待一秒都亏","{""name"":""下班光速消失术"",""category"":""职场发疯"",""emoji"":""🏃"",""description"":""下班铃一响电脑都来不及关，要么赶着回家喂猫要么赶着上线打游戏，多待一秒都亏""}"
251,"单身冰箱收藏家","性格搞怪","🧊","冰箱里永远有半瓶快乐水、半盒冰淇淋、三罐没开的啤酒，就是没有新鲜蔬菜","{""name"":""单身冰箱收藏家"",""category"":""性格搞怪"",""emoji"":""🧊"",""description"":""冰箱里永远有半瓶快乐水、半盒冰淇淋、三罐没开的啤酒，就是没有新鲜蔬菜""}"
252,"仓鼠囤粮爱好者","性格搞怪","🐹","给宠物囤的粮能吃半年，自己的零食也塞满抽屉，就怕哪天突然断货","{""name"":""仓鼠囤粮爱好者"",""category"":""性格搞怪"",""emoji"":""🐹"",""description"":""给宠物囤的粮能吃半年，自己的零食也塞满抽屉，就怕哪天突然断货""}"
253,"游戏嘴强王者","性格搞怪","👄","打输了全怪队友菜，自己死了就是网络卡，嘴上骚话比操作秀","{""name"":""游戏嘴强王者"",""category"":""性格搞怪"",""emoji"":""👄"",""description"":""打输了全怪队友菜，自己死了就是网络卡，嘴上骚话比操作秀""}"
254,"追星物料考古家","性格搞怪","🔍","能把爱豆十年前的微博翻出来，连他小学参加的唱歌比赛视频都能挖到","{""name"":""追星物料考古家"",""category"":""性格搞怪"",""emoji"":""🔍"",""description"":""能把爱豆十年前的微博翻出来，连他小学参加的唱歌比赛视频都能挖到""}"
255,"外卖口味执念者","性格搞怪","🥡","点外卖永远点同一家同一个口味，老板都能记住你不吃葱多放辣","{""name"":""外卖口味执念者"",""category"":""性格搞怪"",""emoji"":""🥡"",""description"":""点外卖永远点同一家同一个口味，老板都能记住你不吃葱多放辣""}"
256,"单身情侣观察员","趣味整活","👀","在街上看见情侣吵架能停下来看十分钟，比看电视剧还入迷","{""name"":""单身情侣观察员"",""category"":""趣味整活"",""emoji"":""👀"",""description"":""在街上看见情侣吵架能停下来看十分钟，比看电视剧还入迷""}"
257,"宠物表情包大户","趣味整活","😼","聊天表情包全是自家宠物的黑照，跟人吵架都发猫的表情包怼人","{""name"":""宠物表情包大户"",""category"":""趣味整活"",""emoji"":""😼"",""description"":""聊天表情包全是自家宠物的黑照，跟人吵架都发猫的表情包怼人""}"
258,"新游尝鲜韭菜","趣味整活","🌱","新游戏上线第一个下载，充完首充玩三天就卸载，手机里永远有三个没玩完的新游","{""name"":""新游尝鲜韭菜"",""category"":""趣味整活"",""emoji"":""🌱"",""description"":""新游戏上线第一个下载，充完首充玩三天就卸载，手机里永远有三个没玩完的新游""}"
259,"应援词背诵大师","趣味整活","📣","应援词比公司年会发言稿背的还熟，爱豆的歌歌词倒背如流，上班要背的东西记不住","{""name"":""应援词背诵大师"",""category"":""趣味整活"",""emoji"":""📣"",""description"":""应援词比公司年会发言稿背的还熟，爱豆的歌歌词倒背如流，上班要背的东西记不住""}"
260,"隐藏菜单挖掘者","趣味整活","🍔","每家快餐店的隐藏菜单都知道，去奶茶店能点出店员都没听过的搭配","{""name"":""隐藏菜单挖掘者"",""category"":""趣味整活"",""emoji"":""🍔"",""description"":""每家快餐店的隐藏菜单都知道，去奶茶店能点出店员都没听过的搭配""}"
261,"单身脱单flag寿命","逆天知识","🚩","每次说“今年一定要脱单”的flag，平均寿命不超过三天，转头就忘了","{""name"":""单身脱单flag寿命"",""category"":""逆天知识"",""emoji"":""🚩"",""description"":""每次说“今年一定要脱单”的flag，平均寿命不超过三天，转头就忘了""}"
262,"遛狗步数换算","逆天知识","🚶","每天遛狗的步数比你上班走的还多，一年下来能绕小区走五十圈","{""name"":""遛狗步数换算"",""category"":""逆天知识"",""emoji"":""🚶"",""description"":""每天遛狗的步数比你上班走的还多，一年下来能绕小区走五十圈""}"
263,"游戏喷人速度测试","逆天知识","⚡","打游戏喷人的打字速度比上班写方案快三倍，一分钟能打两百字不带重样的","{""name"":""游戏喷人速度测试"",""category"":""逆天知识"",""emoji"":""⚡"",""description"":""打游戏喷人的打字速度比上班写方案快三倍，一分钟能打两百字不带重样的""}"
264,"爱豆生日记忆力","逆天知识","🎂","能准确记住爱豆的生日、出道日、甚至猫的生日，自己爸妈的生日得翻备忘录","{""name"":""爱豆生日记忆力"",""category"":""逆天知识"",""emoji"":""🎂"",""description"":""能准确记住爱豆的生日、出道日、甚至猫的生日，自己爸妈的生日得翻备忘录""}"
265,"火锅蘸料配方师","逆天知识","🥘","调的火锅蘸料全桌人都要抄配方，谁要是往你蘸料里放香菜能跟他急","{""name"":""火锅蘸料配方师"",""category"":""逆天知识"",""emoji"":""🥘"",""description"":""调的火锅蘸料全桌人都要抄配方，谁要是往你蘸料里放香菜能跟他急""}"
266,"相亲局话术大师","趣味整活","🎤","从星座聊到宠物，从工作聊到旅行，就是聊不到点上。","{""name"":""相亲局话术大师"",""category"":""趣味整活"",""emoji"":""🎤"",""description"":""从星座聊到宠物，从工作聊到旅行，就是聊不到点上。""}"
267,"催婚压力测试仪","职场发疯","⏰","过年回家，亲戚的每一句话都是对血压和耐心的双重考验。","{""name"":""催婚压力测试仪"",""category"":""职场发疯"",""emoji"":""⏰"",""description"":""过年回家，亲戚的每一句话都是对血压和耐心的双重考验。""}"
268,"前任考古学家","情感离谱","⛏️","深夜翻遍所有社交平台，只为确认对方过得没自己好。","{""name"":""前任考古学家"",""category"":""情感离谱"",""emoji"":""⛏️"",""description"":""深夜翻遍所有社交平台，只为确认对方过得没自己好。""}"
269,"恋爱脑间歇性发作","性格搞怪","🧠","上一秒看偶像剧甜到打滚，下一秒觉得男人只会影响拔刀速度。","{""name"":""恋爱脑间歇性发作"",""category"":""性格搞怪"",""emoji"":""🧠"",""description"":""上一秒看偶像剧甜到打滚，下一秒觉得男人只会影响拔刀速度。""}"
270,"脱单锦鲤绝缘体","玄学运势","🐟","朋友都脱单了，你连个暧昧对象都养不活。","{""name"":""脱单锦鲤绝缘体"",""category"":""玄学运势"",""emoji"":""🐟"",""description"":""朋友都脱单了，你连个暧昧对象都养不活。""}"
271,"相亲对象分类学","逆天知识","🏷️","通过三句话，就能把对方精准归类到‘奇葩’或‘还行’文件夹。","{""name"":""相亲对象分类学"",""category"":""逆天知识"",""emoji"":""🏷️"",""description"":""通过三句话，就能把对方精准归类到‘奇葩’或‘还行’文件夹。""}"
272,"朋友圈官宣拖延症","情感离谱","⏳","恋爱半年了，合照还在手机相册里吃灰。","{""name"":""朋友圈官宣拖延症"",""category"":""情感离谱"",""emoji"":""⏳"",""description"":""恋爱半年了，合照还在手机相册里吃灰。""}"
273,"妈见打型单身贵族","性格搞怪","👑","在家呼吸都是错，因为‘别人家孩子’都二胎了。","{""name"":""妈见打型单身贵族"",""category"":""性格搞怪"",""emoji"":""👑"",""description"":""在家呼吸都是错，因为‘别人家孩子’都二胎了。""}"
274,"恋爱废物鉴定","趣味整活","🗑️","擅长把天聊死，把暧昧对象处成兄弟。","{""name"":""恋爱废物鉴定"",""category"":""趣味整活"",""emoji"":""🗑️"",""description"":""擅长把天聊死，把暧昧对象处成兄弟。""}"
275,"月老线打结专家","玄学运势","🧶","怀疑上辈子得罪了月老，这辈子红线全是死结。","{""name"":""月老线打结专家"",""category"":""玄学运势"",""emoji"":""🧶"",""description"":""怀疑上辈子得罪了月老，这辈子红线全是死结。""}"
276,"前任的现任观察员","情感离谱","👀","不是放不下，就是想看看他找了个什么样的‘替代品’。","{""name"":""前任的现任观察员"",""category"":""情感离谱"",""emoji"":""👀"",""description"":""不是放不下，就是想看看他找了个什么样的‘替代品’。""}"
277,"相亲简历优化师","职场发疯","📄","把‘爱打游戏’写成‘擅长策略规划’，把‘宅’写成‘享受居家生活’。","{""name"":""相亲简历优化师"",""category"":""职场发疯"",""emoji"":""📄"",""description"":""把‘爱打游戏’写成‘擅长策略规划’，把‘宅’写成‘享受居家生活’。""}"
278,"催婚话术反侦察","逆天知识","🕵️","熟练掌握‘工作忙’‘随缘’‘还没遇到合适的’等标准答案。","{""name"":""催婚话术反侦察"",""category"":""逆天知识"",""emoji"":""🕵️"",""description"":""熟练掌握‘工作忙’‘随缘’‘还没遇到合适的’等标准答案。""}"
279,"分手后遗症门诊","情感离谱","🏥","症状包括但不限于：听歌对号入座、看啥都像他、深夜emo。","{""name"":""分手后遗症门诊"",""category"":""情感离谱"",""emoji"":""🏥"",""description"":""症状包括但不限于：听歌对号入座、看啥都像他、深夜emo。""}"
280,"孤寡青蛙转世","玄学运势","🐸","算命的说你命里缺桃花，你怀疑缺的是整个春天。","{""name"":""孤寡青蛙转世"",""category"":""玄学运势"",""emoji"":""🐸"",""description"":""算命的说你命里缺桃花，你怀疑缺的是整个春天。""}"
281,"恋爱演习指挥官","性格搞怪","🎮","在脑子里已经和crush过完了一生，现实中没说过一句话。","{""name"":""恋爱演习指挥官"",""category"":""性格搞怪"",""emoji"":""🎮"",""description"":""在脑子里已经和crush过完了一生，现实中没说过一句话。""}"
282,"相亲KPI考核员","职场发疯","📊","本月相亲次数达标，但‘成交率’为零，急需复盘。","{""name"":""相亲KPI考核员"",""category"":""职场发疯"",""emoji"":""📊"",""description"":""本月相亲次数达标，但‘成交率’为零，急需复盘。""}"
283,"前任遗物清理师","情感离谱","🧹","清空购物车容易，清空回忆里的购物车链接很难。","{""name"":""前任遗物清理师"",""category"":""情感离谱"",""emoji"":""🧹"",""description"":""清空购物车容易，清空回忆里的购物车链接很难。""}"
284,"注孤生体质检测","趣味整活","🧪","喜欢的人不喜欢你，喜欢你的人你觉得不行。","{""name"":""注孤生体质检测"",""category"":""趣味整活"",""emoji"":""🧪"",""description"":""喜欢的人不喜欢你，喜欢你的人你觉得不行。""}"
285,"恋爱经济学入门","逆天知识","💰","计算恋爱的时间成本、情绪价值与单身自由的性价比。","{""name"":""恋爱经济学入门"",""category"":""逆天知识"",""emoji"":""💰"",""description"":""计算恋爱的时间成本、情绪价值与单身自由的性价比。""}"
286,"桃花运风水大师","玄学运势","🌀","尝试换头像、改签名、转发锦鲤，桃花依旧在别处盛开。","{""name"":""桃花运风水大师"",""category"":""玄学运势"",""emoji"":""🌀"",""description"":""尝试换头像、改签名、转发锦鲤，桃花依旧在别处盛开。""}"
287,"嘴硬心软型选手","性格搞怪","💪","嘴上说着‘一个人挺好’，刷到情侣视频还是会停顿三秒。","{""name"":""嘴硬心软型选手"",""category"":""性格搞怪"",""emoji"":""💪"",""description"":""嘴上说着‘一个人挺好’，刷到情侣视频还是会停顿三秒。""}"
288,"办公室恋情观察家","职场发疯","📝","对同事的恋爱动态了如指掌，自己的感情线一片空白。","{""name"":""办公室恋情观察家"",""category"":""职场发疯"",""emoji"":""📝"",""description"":""对同事的恋爱动态了如指掌，自己的感情线一片空白。""}"
289,"暧昧期ICU重症","情感离谱","💀","对方一句话能让你上天堂，下一句就能让你下地狱。","{""name"":""暧昧期ICU重症"",""category"":""情感离谱"",""emoji"":""💀"",""description"":""对方一句话能让你上天堂，下一句就能让你下地狱。""}"
290,"恋爱剧本杀编剧","趣味整活","✍️","给每次心动都脑补了八十集连续剧，实际播出时长：三分钟。","{""name"":""恋爱剧本杀编剧"",""category"":""趣味整活"",""emoji"":""✍️"",""description"":""给每次心动都脑补了八十集连续剧，实际播出时长：三分钟。""}"
291,"催婚抗压训练营","性格搞怪","🛡️","练就了左耳进右耳出，表面点头称是，内心毫无波澜的神功。","{""name"":""催婚抗压训练营"",""category"":""性格搞怪"",""emoji"":""🛡️"",""description"":""练就了左耳进右耳出，表面点头称是，内心毫无波澜的神功。""}"
292,"分手大师速成班","逆天知识","🎓","通过分析朋友的分手案例，总结出‘如何体面离开’的一百种方法。","{""name"":""分手大师速成班"",""category"":""逆天知识"",""emoji"":""🎓"",""description"":""通过分析朋友的分手案例，总结出‘如何体面离开’的一百种方法。""}"
293,"正缘迷路中","玄学运势","🧭","塔罗牌说你正缘在路上，你怀疑他用的高德地图，而你用的是百度。","{""name"":""正缘迷路中"",""category"":""玄学运势"",""emoji"":""🧭"",""description"":""塔罗牌说你正缘在路上，你怀疑他用的高德地图，而你用的是百度。""}"
294,"恋爱内耗冠军","情感离谱","🏆","还没开始谈，就已经在脑子里分了一百次手。","{""name"":""恋爱内耗冠军"",""category"":""情感离谱"",""emoji"":""🏆"",""description"":""还没开始谈，就已经在脑子里分了一百次手。""}"
295,"相亲尬聊记录员","职场发疯","📼","回家后能一字不差地复述今晚的尴尬对话，供自己复盘嘲笑。","{""name"":""相亲尬聊记录员"",""category"":""职场发疯"",""emoji"":""📼"",""description"":""回家后能一字不差地复述今晚的尴尬对话，供自己复盘嘲笑。""}"
296,"自我攻略型选手","性格搞怪","🚩","对方看了你一眼，你连孩子名字都想好了。","{""name"":""自我攻略型选手"",""category"":""性格搞怪"",""emoji"":""🚩"",""description"":""对方看了你一眼，你连孩子名字都想好了。""}"
297,"前任大数据分析师","趣味整活","📈","通过微博点赞、网易云歌单，精准推测对方的情感状态。","{""name"":""前任大数据分析师"",""category"":""趣味整活"",""emoji"":""📈"",""description"":""通过微博点赞、网易云歌单，精准推测对方的情感状态。""}"
298,"恋爱防沉迷系统","逆天知识","🛑","设置心动上限，一旦超标自动启动‘人间清醒’模式。","{""name"":""恋爱防沉迷系统"",""category"":""逆天知识"",""emoji"":""🛑"",""description"":""设置心动上限，一旦超标自动启动‘人间清醒’模式。""}"
299,"月老黑名单VIP","玄学运势","🚫","去庙里求姻缘，连签筒都跟你作对，全是下下签。","{""name"":""月老黑名单VIP"",""category"":""玄学运势"",""emoji"":""🚫"",""description"":""去庙里求姻缘，连签筒都跟你作对，全是下下签。""}"
300,"塑料爱情质检员","情感离谱","🔍","能一眼看穿朋友圈秀恩爱合照里的僵硬与勉强。","{""name"":""塑料爱情质检员"",""category"":""情感离谱"",""emoji"":""🔍"",""description"":""能一眼看穿朋友圈秀恩爱合照里的僵硬与勉强。""}"
301,"职场寡王","职场发疯","👑","公司里唯一一个不用在情人节和七夕请假的员工。","{""name"":""职场寡王"",""category"":""职场发疯"",""emoji"":""👑"",""description"":""公司里唯一一个不用在情人节和七夕请假的员工。""}"
302,"恋爱系统版本过低","趣味整活","📱","别人的恋爱是偶像剧，你的恋爱像上世纪黑白默片，还卡带。","{""name"":""恋爱系统版本过低"",""category"":""趣味整活"",""emoji"":""📱"",""description"":""别人的恋爱是偶像剧，你的恋爱像上世纪黑白默片，还卡带。""}"
303,"催婚免疫球蛋白","性格搞怪","💉","对‘什么时候结婚’‘眼光不要太高’等病毒性话语产生抗体。","{""name"":""催婚免疫球蛋白"",""category"":""性格搞怪"",""emoji"":""💉"",""description"":""对‘什么时候结婚’‘眼光不要太高’等病毒性话语产生抗体。""}"
304,"失恋废墟重建师","情感离谱","🏗️","一边捡拾破碎的自我，一边试图用新爱好把生活填满。","{""name"":""失恋废墟重建师"",""category"":""情感离谱"",""emoji"":""🏗️"",""description"":""一边捡拾破碎的自我，一边试图用新爱好把生活填满。""}"
305,"相亲对象图鉴收集","逆天知识","📚","见过的奇葩多了，能写一本《人类迷惑行为大赏·相亲篇》。","{""name"":""相亲对象图鉴收集"",""category"":""逆天知识"",""emoji"":""📚"",""description"":""见过的奇葩多了，能写一本《人类迷惑行为大赏·相亲篇》。""}"
306,"桃花劫体质","玄学运势","⚡","来的都不是正缘，全是来教你认清人性的老师。","{""name"":""桃花劫体质"",""category"":""玄学运势"",""emoji"":""⚡"",""description"":""来的都不是正缘，全是来教你认清人性的老师。""}"
307,"恋爱躺平学家","职场发疯","🛌","主动是不可能主动的，全靠命运把对象砸我头上。","{""name"":""恋爱躺平学家"",""category"":""职场发疯"",""emoji"":""🛌"",""description"":""主动是不可能主动的，全靠命运把对象砸我头上。""}"
308,"前任纪念品博物馆","情感离谱","🏛️","有些东西扔不掉，不是舍不得，是懒得收拾。","{""name"":""前任纪念品博物馆"",""category"":""情感离谱"",""emoji"":""🏛️"",""description"":""有些东西扔不掉，不是舍不得，是懒得收拾。""}"
309,"单身保命指南作者","趣味整活","📖","熟练掌握一个人吃火锅、看电影、去医院等生存技能。","{""name"":""单身保命指南作者"",""category"":""趣味整活"",""emoji"":""📖"",""description"":""熟练掌握一个人吃火锅、看电影、去医院等生存技能。""}"
310,"恋爱脑格式化失败","性格搞怪","💾","每次删完聊天记录和照片，过几天又偷偷从回收站恢复。","{""name"":""恋爱脑格式化失败"",""category"":""性格搞怪"",""emoji"":""💾"",""description"":""每次删完聊天记录和照片，过几天又偷偷从回收站恢复。""}"
311,"确诊为蜗牛","性格搞怪","🐌","能不出门就不出门，出门要背满家当，有人靠近就缩壳","{""name"":""确诊为蜗牛"",""category"":""性格搞怪"",""emoji"":""🐌"",""description"":""能不出门就不出门，出门要背满家当，有人靠近就缩壳""}"
312,"消息已读不回","性格搞怪","📱","看到消息先放放，想着等会回，转头就忘到九霄云外","{""name"":""消息已读不回"",""category"":""性格搞怪"",""emoji"":""📱"",""description"":""看到消息先放放，想着等会回，转头就忘到九霄云外""}"
313,"聚会隐形人","性格搞怪","🥷","聚餐挑角落坐，拍照往最后排躲，就怕有人突然cue自己","{""name"":""聚会隐形人"",""category"":""性格搞怪"",""emoji"":""🥷"",""description"":""聚餐挑角落坐，拍照往最后排躲，就怕有人突然cue自己""}"
314,"耳机焊在耳朵上","性格搞怪","🎧","出门必戴耳机，没耳机连买个早餐都觉得浑身不自在","{""name"":""耳机焊在耳朵上"",""category"":""性格搞怪"",""emoji"":""🎧"",""description"":""出门必戴耳机，没耳机连买个早餐都觉得浑身不自在""}"
315,"道歉型人格","性格搞怪","🙇","别人碰了自己都要先说对不起，啥错都先往自己身上揽","{""name"":""道歉型人格"",""category"":""性格搞怪"",""emoji"":""🙇"",""description"":""别人碰了自己都要先说对不起，啥错都先往自己身上揽""}"
316,"线上疯批线下怂","性格搞怪","🤡","网上打字比谁都快，现实里跟陌生人说话都磕巴","{""name"":""线上疯批线下怂"",""category"":""性格搞怪"",""emoji"":""🤡"",""description"":""网上打字比谁都快，现实里跟陌生人说话都磕巴""}"
317,"奶茶选糖纠结症","性格搞怪","🥤","点奶茶选糖度能选三分钟，选完还会后悔是不是选甜了","{""name"":""奶茶选糖纠结症"",""category"":""性格搞怪"",""emoji"":""🥤"",""description"":""点奶茶选糖度能选三分钟，选完还会后悔是不是选甜了""}"
318,"赖床十级学者","性格搞怪","🛌","闹钟响了能关八次，不到最后一分钟绝对不起床","{""name"":""赖床十级学者"",""category"":""性格搞怪"",""emoji"":""🛌"",""description"":""闹钟响了能关八次，不到最后一分钟绝对不起床""}"
319,"表情包当饭吃","性格搞怪","😎","聊天先翻表情包库，没有合适的图都不知道怎么回消息","{""name"":""表情包当饭吃"",""category"":""性格搞怪"",""emoji"":""😎"",""description"":""聊天先翻表情包库，没有合适的图都不知道怎么回消息""}"
320,"MBTI行走说明书","趣味整活","📋","新认识人先问MBTI，比查星座还熟练，什么类型都能唠两句","{""name"":""MBTI行走说明书"",""category"":""趣味整活"",""emoji"":""📋"",""description"":""新认识人先问MBTI，比查星座还熟练，什么类型都能唠两句""}"
321,"取快递伪装大师","趣味整活","📦","下楼取快递要戴帽子戴口罩，就怕碰到半熟的人要打招呼","{""name"":""取快递伪装大师"",""category"":""趣味整活"",""emoji"":""📦"",""description"":""下楼取快递要戴帽子戴口罩，就怕碰到半熟的人要打招呼""}"
322,"沙发土豆转世","趣味整活","🥔","休息日能在沙发上躺一天，除了上厕所连屁股都不挪一下","{""name"":""沙发土豆转世"",""category"":""趣味整活"",""emoji"":""🥔"",""description"":""休息日能在沙发上躺一天，除了上厕所连屁股都不挪一下""}"
323,"废话文学大师","趣味整活","🗣️","听君一席话如听一席话，张口就是没用的大实话","{""name"":""废话文学大师"",""category"":""趣味整活"",""emoji"":""🗣️"",""description"":""听君一席话如听一席话，张口就是没用的大实话""}"
324,"海底捞社恐选手","趣味整活","🍲","去海底捞不敢跟服务员对视，就怕他们过来递毛巾送小礼物","{""name"":""海底捞社恐选手"",""category"":""趣味整活"",""emoji"":""🍲"",""description"":""去海底捞不敢跟服务员对视，就怕他们过来递毛巾送小礼物""}"
325,"熬夜冠军守门员","趣味整活","🌙","每天都发誓要早睡，躺床上刷手机刷到两点还精神","{""name"":""熬夜冠军守门员"",""category"":""趣味整活"",""emoji"":""🌙"",""description"":""每天都发誓要早睡，躺床上刷手机刷到两点还精神""}"
326,"外卖备注小作文","趣味整活","✍️","点外卖备注能写三行，多放辣少放葱不要餐具写得清清楚楚","{""name"":""外卖备注小作文"",""category"":""趣味整活"",""emoji"":""✍️"",""description"":""点外卖备注能写三行，多放辣少放葱不要餐具写得清清楚楚""}"
327,"相册全是截图","趣味整活","🖼️","手机相册一万张图，九千张是聊天记录和表情包截图","{""name"":""相册全是截图"",""category"":""趣味整活"",""emoji"":""🖼️"",""description"":""手机相册一万张图，九千张是聊天记录和表情包截图""}"
328,"外卖永远点同款","逆天知识","🍱","找到一家合口味的外卖，能连续点半个月不换样","{""name"":""外卖永远点同款"",""category"":""逆天知识"",""emoji"":""🍱"",""description"":""找到一家合口味的外卖，能连续点半个月不换样""}"
329,"历史人物同款懒","逆天知识","📜","跟王阳明一样拖延，跟李白一样爱喝酒，普通人也有历史同款特质","{""name"":""历史人物同款懒"",""category"":""逆天知识"",""emoji"":""📜"",""description"":""跟王阳明一样拖延，跟李白一样爱喝酒，普通人也有历史同款特质""}"
330,"睡觉姿势测命格","逆天知识","🛏️","喜欢蜷缩睡是缺乏安全感，大字睡是天生乐天派，你的姿势对应啥命","{""name"":""睡觉姿势测命格"",""category"":""逆天知识"",""emoji"":""🛏️"",""description"":""喜欢蜷缩睡是缺乏安全感，大字睡是天生乐天派，你的姿势对应啥命""}"
331,"收藏夹吃灰达人","逆天知识","📁","看到干货就收藏，收藏了等于学会了，再也没打开过第二遍","{""name"":""收藏夹吃灰达人"",""category"":""逆天知识"",""emoji"":""📁"",""description"":""看到干货就收藏，收藏了等于学会了，再也没打开过第二遍""}"
332,"洗发水用到底才换","逆天知识","🧴","日用品非要用到挤不出来才买新的，囤货等于永远用旧的","{""name"":""洗发水用到底才换"",""category"":""逆天知识"",""emoji"":""🧴"",""description"":""日用品非要用到挤不出来才买新的，囤货等于永远用旧的""}"
333,"微信步数判行踪","逆天知识","🚶","看朋友微信步数就知道他今天上没上班，出没出门，比定位还准","{""name"":""微信步数判行踪"",""category"":""逆天知识"",""emoji"":""🚶"",""description"":""看朋友微信步数就知道他今天上没上班，出没出门，比定位还准""}"
334,"听歌品味测年龄","逆天知识","🎵","歌单里占比最高的歌发行年份，基本就是你中学的年份","{""name"":""听歌品味测年龄"",""category"":""逆天知识"",""emoji"":""🎵"",""description"":""歌单里占比最高的歌发行年份，基本就是你中学的年份""}"
335,"上辈子是守门石狮子","玄学运势","🦁","就喜欢在工位上坐着，不爱动也不爱说话，谁来都多看两眼","{""name"":""上辈子是守门石狮子"",""category"":""玄学运势"",""emoji"":""🦁"",""description"":""就喜欢在工位上坐着，不爱动也不爱说话，谁来都多看两眼""}"
336,"投胎当小区流浪猫","玄学运势","🐱","下辈子不用上班，每天晒晒太阳睡睡觉，还有好心人喂罐头","{""name"":""投胎当小区流浪猫"",""category"":""玄学运势"",""emoji"":""🐱"",""description"":""下辈子不用上班，每天晒晒太阳睡睡觉，还有好心人喂罐头""}"
337,"前世是驿站喂马的","玄学运势","🐎","这辈子就爱给同事取快递带外卖，跑腿的活干得比谁都熟","{""name"":""前世是驿站喂马的"",""category"":""玄学运势"",""emoji"":""🐎"",""description"":""这辈子就爱给同事取快递带外卖，跑腿的活干得比谁都熟""}"
338,"今日摸鱼运势","玄学运势","🐟","测测今天摸鱼会不会被老板抓，适合刷手机还是带薪拉屎","{""name"":""今日摸鱼运势"",""category"":""玄学运势"",""emoji"":""🐟"",""description"":""测测今天摸鱼会不会被老板抓，适合刷手机还是带薪拉屎""}"
339,"灵气值剩余检测","玄学运势","✨","上班上久了灵气都没了，看看你还剩多少没被工作磨掉","{""name"":""灵气值剩余检测"",""category"":""玄学运势"",""emoji"":""✨"",""description"":""上班上久了灵气都没了，看看你还剩多少没被工作磨掉""}"
340,"月老红线缠脚了","玄学运势","🧵","桃花运迟迟不来，原来月老的红线全缠你脚腕上打了结","{""name"":""月老红线缠脚了"",""category"":""玄学运势"",""emoji"":""🧵"",""description"":""桃花运迟迟不来，原来月老的红线全缠你脚腕上打了结""}"
341,"下辈子做冰箱","玄学运势","🧊","天天凉飕飕的，不用上班，里面还全是好吃的","{""name"":""下辈子做冰箱"",""category"":""玄学运势"",""emoji"":""🧊"",""description"":""天天凉飕飕的，不用上班，里面还全是好吃的""}"
342,"暗恋等死型选手","情感离谱","💘","喜欢一个人绝对不主动，就等着对方来跟自己表白，等黄了也不说","{""name"":""暗恋等死型选手"",""category"":""情感离谱"",""emoji"":""💘"",""description"":""喜欢一个人绝对不主动，就等着对方来跟自己表白，等黄了也不说""}"
343,"社交电池10%","情感离谱","🔋","出门社交两小时就得回家躺半天，电用完了谁叫都不出去","{""name"":""社交电池10%"",""category"":""情感离谱"",""emoji"":""🔋"",""description"":""出门社交两小时就得回家躺半天，电用完了谁叫都不出去""}"
344,"恋爱脑晚期患者","情感离谱","🧠","一谈恋爱就智商为零，对方说啥都信，撞了南墙都不回头","{""name"":""恋爱脑晚期患者"",""category"":""情感离谱"",""emoji"":""🧠"",""description"":""一谈恋爱就智商为零，对方说啥都信，撞了南墙都不回头""}"
345,"把天聊死小能手","情感离谱","💬","别人抛过来的梗接不住，说两句话就冷场，自己还没察觉","{""name"":""把天聊死小能手"",""category"":""情感离谱"",""emoji"":""💬"",""description"":""别人抛过来的梗接不住，说两句话就冷场，自己还没察觉""}"
346,"朋友圈三天可见","情感离谱","🕒","发完朋友圈过半天就觉得尴尬，赶紧设成三天可见，删都懒得删","{""name"":""朋友圈三天可见"",""category"":""情感离谱"",""emoji"":""🕒"",""description"":""发完朋友圈过半天就觉得尴尬，赶紧设成三天可见，删都懒得删""}"
347,"闺蜜恋爱军师","情感离谱","军师","给朋友分析感情头头是道，轮到自己谈恋爱啥也不是","{""name"":""闺蜜恋爱军师"",""category"":""情感离谱"",""emoji"":""军师"",""description"":""给朋友分析感情头头是道，轮到自己谈恋爱啥也不是""}"
348,"开会灵魂出窍","职场发疯","👻","开会坐在第一排，眼神盯着老板，脑子已经在想晚上吃啥了","{""name"":""开会灵魂出窍"",""category"":""职场发疯"",""emoji"":""👻"",""description"":""开会坐在第一排，眼神盯着老板，脑子已经在想晚上吃啥了""}"
349,"下班跑的比谁都快","职场发疯","🏃","下班铃一响第一个冲出去，电脑都来不及关，就怕老板临时加活","{""name"":""下班跑的比谁都快"",""category"":""职场发疯"",""emoji"":""🏃"",""description"":""下班铃一响第一个冲出去，电脑都来不及关，就怕老板临时加活""}"
350,"工位零食库管理员","职场发疯","🍪","工位抽屉里全是零食，自己没吃多少，全被同事分完了","{""name"":""工位零食库管理员"",""category"":""职场发疯"",""emoji"":""🍪"",""description"":""工位抽屉里全是零食，自己没吃多少，全被同事分完了""}"
351,"改方案改到吐","职场发疯","🤮","甲方爸爸要改第八版方案，改到最后还是第一版最好","{""name"":""改方案改到吐"",""category"":""职场发疯"",""emoji"":""🤮"",""description"":""甲方爸爸要改第八版方案，改到最后还是第一版最好""}"
352,"群聊潜水截图党","职场发疯","🤫","公司大群从来不说话，天天窥屏存同事发的表情包，转头就用","{""name"":""群聊潜水截图党"",""category"":""职场发疯"",""emoji"":""🤫"",""description"":""公司大群从来不说话，天天窥屏存同事发的表情包，转头就用""}"
353,"周一综合症重度","职场发疯","😫","周日晚上就开始emo，周一早上坐在工位上魂还在家里","{""name"":""周一综合症重度"",""category"":""职场发疯"",""emoji"":""😫"",""description"":""周日晚上就开始emo，周一早上坐在工位上魂还在家里""}"
354,"工资到账即清空","职场发疯","💸","工资刚发下来，还完花呗信用卡房租，剩下的钱够吃泡面就不错","{""name"":""工资到账即清空"",""category"":""职场发疯"",""emoji"":""💸"",""description"":""工资刚发下来，还完花呗信用卡房租，剩下的钱够吃泡面就不错""}"
355,"拖延二级残废","性格搞怪","🐌","deadline前半小时才开始敲键盘，早一分钟都动不了手","{""name"":""拖延二级残废"",""category"":""性格搞怪"",""emoji"":""🐌"",""description"":""deadline前半小时才开始敲键盘，早一分钟都动不了手""}"
356,"外卖选择困难户","性格搞怪","🍱","十一点开始刷外卖，刷到十二点半还没决定吃黄焖鸡还是麻辣烫","{""name"":""外卖选择困难户"",""category"":""性格搞怪"",""emoji"":""🍱"",""description"":""十一点开始刷外卖，刷到十二点半还没决定吃黄焖鸡还是麻辣烫""}"
357,"网购剁手达人","趣味整活","🛒","拆快递比发工资还开心，花呗账单出来才想起来自己买过这玩意","{""name"":""网购剁手达人"",""category"":""趣味整活"",""emoji"":""🛒"",""description"":""拆快递比发工资还开心，花呗账单出来才想起来自己买过这玩意""}"
358,"上辈子是驿站囤货员","玄学运势","📦","每天都有快递到，驿站老板都能直接喊出你名字","{""name"":""上辈子是驿站囤货员"",""category"":""玄学运势"",""emoji"":""📦"",""description"":""每天都有快递到，驿站老板都能直接喊出你名字""}"
359,"开会摸鱼段位鉴定","职场发疯","💻","领导在上面讲规划，你在下面刷宠物视频憋笑憋到抖肩","{""name"":""开会摸鱼段位鉴定"",""category"":""职场发疯"",""emoji"":""💻"",""description"":""领导在上面讲规划，你在下面刷宠物视频憋笑憋到抖肩""}"
360,"emo文案收藏家","情感离谱","📝","手机备忘录里存了三十条伤感文案，没一条好意思发朋友圈","{""name"":""emo文案收藏家"",""category"":""情感离谱"",""emoji"":""📝"",""description"":""手机备忘录里存了三十条伤感文案，没一条好意思发朋友圈""}"
361,"外卖口味考古学家","逆天知识","🍜","能准确说出公司周边三公里内每家外卖的辣度偏咸还是偏淡","{""name"":""外卖口味考古学家"",""category"":""逆天知识"",""emoji"":""🍜"",""description"":""能准确说出公司周边三公里内每家外卖的辣度偏咸还是偏淡""}"
362,"下班倒计时选手","职场发疯","⏰","离下班还有十分钟就收拾好包，领导一喊加班脸直接垮下来","{""name"":""下班倒计时选手"",""category"":""职场发疯"",""emoji"":""⏰"",""description"":""离下班还有十分钟就收拾好包，领导一喊加班脸直接垮下来""}"
363,"深夜网抑云常驻嘉宾","情感离谱","🎵","歌单里全是伤感情歌，循环到三点还在想他为什么不回消息","{""name"":""深夜网抑云常驻嘉宾"",""category"":""情感离谱"",""emoji"":""🎵"",""description"":""歌单里全是伤感情歌，循环到三点还在想他为什么不回消息""}"
364,"凑单小能手","趣味整活","🧮","为了满减凑了三个没用的东西，算下来比单买还贵五块","{""name"":""凑单小能手"",""category"":""趣味整活"",""emoji"":""🧮"",""description"":""为了满减凑了三个没用的东西，算下来比单买还贵五块""}"
365,"明日复明日信徒","性格搞怪","📅","今天的事永远推明天，明天推后天，到截止日才通宵赶工","{""name"":""明日复明日信徒"",""category"":""性格搞怪"",""emoji"":""📅"",""description"":""今天的事永远推明天，明天推后天，到截止日才通宵赶工""}"
366,"下辈子当外卖试吃员","玄学运势","🥡","这辈子吃了上千家外卖，投胎就想干不用花钱吃外卖的活","{""name"":""下辈子当外卖试吃员"",""category"":""玄学运势"",""emoji"":""🥡"",""description"":""这辈子吃了上千家外卖，投胎就想干不用花钱吃外卖的活""}"
367,"工位隐形摸鱼人","职场发疯","🪑","电脑页面永远开着工作文档，其实最小化窗口是小说页面","{""name"":""工位隐形摸鱼人"",""category"":""职场发疯"",""emoji"":""🪑"",""description"":""电脑页面永远开着工作文档，其实最小化窗口是小说页面""}"
368,"无用商品收藏家","性格搞怪","🎁","家里堆了二十个没用的手机壳、十根没拆的口红，看见好看的还是想买","{""name"":""无用商品收藏家"",""category"":""性格搞怪"",""emoji"":""🎁"",""description"":""家里堆了二十个没用的手机壳、十根没拆的口红，看见好看的还是想买""}"
369,"外卖备注十级学者","逆天知识","✍️","知道写“多放辣老板我是你老乡”比“多放辣”得到的辣椒多三倍","{""name"":""外卖备注十级学者"",""category"":""逆天知识"",""emoji"":""✍️"",""description"":""知道写“多放辣老板我是你老乡”比“多放辣”得到的辣椒多三倍""}"
370,"拖延症阎王薄记载","玄学运势","📓","阎王让你三更走，你拖到五更还在说“再等我刷完这条抖音”","{""name"":""拖延症阎王薄记载"",""category"":""玄学运势"",""emoji"":""📓"",""description"":""阎王让你三更走，你拖到五更还在说“再等我刷完这条抖音”""}"
371,"工作群潜水冠军","职场发疯","🤿","领导发红包第一个抢，让汇报工作第一个装看不见","{""name"":""工作群潜水冠军"",""category"":""职场发疯"",""emoji"":""🤿"",""description"":""领导发红包第一个抢，让汇报工作第一个装看不见""}"
372,"深夜食欲控制失败","情感离谱","🍕","十点说要减肥，十二点就点了烧烤加冰可乐，边吃边骂自己没出息","{""name"":""深夜食欲控制失败"",""category"":""情感离谱"",""emoji"":""🍕"",""description"":""十点说要减肥，十二点就点了烧烤加冰可乐，边吃边骂自己没出息""}"
373,"快递拆箱仪式爱好者","趣味整活","✂️","拆快递必须录开箱视频，哪怕买的是九块九包邮的袜子","{""name"":""快递拆箱仪式爱好者"",""category"":""趣味整活"",""emoji"":""✂️"",""description"":""拆快递必须录开箱视频，哪怕买的是九块九包邮的袜子""}"
374,"万年踩点上班选手","性格搞怪","🚇","闹钟定七个，最后一个响了才弹起来，踩着打卡铃最后一秒冲进公司","{""name"":""万年踩点上班选手"",""category"":""性格搞怪"",""emoji"":""🚇"",""description"":""闹钟定七个，最后一个响了才弹起来，踩着打卡铃最后一秒冲进公司""}"
375,"乾隆同款外卖品味","逆天知识","👑","跟乾隆下江南就爱吃那几样菜一样，外卖翻来覆去只点吃过的三家","{""name"":""乾隆同款外卖品味"",""category"":""逆天知识"",""emoji"":""👑"",""description"":""跟乾隆下江南就爱吃那几样菜一样，外卖翻来覆去只点吃过的三家""}"
376,"摸鱼功德积累器","玄学运势","🙏","上班摸鱼一分钟，来世多享一分钟福，越摸功德越厚","{""name"":""摸鱼功德积累器"",""category"":""玄学运势"",""emoji"":""🙏"",""description"":""上班摸鱼一分钟，来世多享一分钟福，越摸功德越厚""}"
377,"购物车囤货大师","趣味整活","🛍️","购物车加了八十件东西，每次大促才舍得删两件，剩下的继续躺一年","{""name"":""购物车囤货大师"",""category"":""趣味整活"",""emoji"":""🛍️"",""description"":""购物车加了八十件东西，每次大促才舍得删两件，剩下的继续躺一年""}"
378,"下班失联专业户","职场发疯","📴","下班打卡第一件事关工作通知，领导发消息第二天早上才说“不好意思刚看见”","{""name"":""下班失联专业户"",""category"":""职场发疯"",""emoji"":""📴"",""description"":""下班打卡第一件事关工作通知，领导发消息第二天早上才说“不好意思刚看见”""}"
379,"emo秒删选手","情感离谱","🗑️","凌晨两点发了条伤感朋友圈，七点醒了光速删掉，生怕同事看见","{""name"":""emo秒删选手"",""category"":""情感离谱"",""emoji"":""🗑️"",""description"":""凌晨两点发了条伤感朋友圈，七点醒了光速删掉，生怕同事看见""}"
380,"deadline战神","性格搞怪","⚔️","平时摸鱼摸得欢，截止日前一天能爆发出平时三倍的工作效率","{""name"":""deadline战神"",""category"":""性格搞怪"",""emoji"":""⚔️"",""description"":""平时摸鱼摸得欢，截止日前一天能爆发出平时三倍的工作效率""}"
381,"外卖满减计算器","逆天知识","🧮","点外卖能精准凑到满减门槛，多一分钱都不愿意花","{""name"":""外卖满减计算器"",""category"":""逆天知识"",""emoji"":""🧮"",""description"":""点外卖能精准凑到满减门槛，多一分钱都不愿意花""}"
382,"上辈子是囤货松鼠","玄学运势","🐿️","家里纸巾囤了半年的量，洗衣液堆了三瓶，不囤东西就没安全感","{""name"":""上辈子是囤货松鼠"",""category"":""玄学运势"",""emoji"":""🐿️"",""description"":""家里纸巾囤了半年的量，洗衣液堆了三瓶，不囤东西就没安全感""}"
383,"开会走神选手","职场发疯","🤤","领导讲项目的时候你在想晚上吃什么，散会了连主题都记不住","{""name"":""开会走神选手"",""category"":""职场发疯"",""emoji"":""🤤"",""description"":""领导讲项目的时候你在想晚上吃什么，散会了连主题都记不住""}"
384,"深夜回忆杀患者","情感离谱","📸","大半夜翻三年前的朋友圈、QQ空间，边看边尴尬到抠脚","{""name"":""深夜回忆杀患者"",""category"":""情感离谱"",""emoji"":""📸"",""description"":""大半夜翻三年前的朋友圈、QQ空间，边看边尴尬到抠脚""}"
385,"退货小能手","趣味整活","🚚","十个快递能退八个，快递员都知道你家地址上门取件不用打电话","{""name"":""退货小能手"",""category"":""趣味整活"",""emoji"":""🚚"",""description"":""十个快递能退八个，快递员都知道你家地址上门取件不用打电话""}"
386,"选择性拖延症","性格搞怪","🤷","工作拖到天荒地老，朋友喊吃饭跑的比谁都快","{""name"":""选择性拖延症"",""category"":""性格搞怪"",""emoji"":""🤷"",""description"":""工作拖到天荒地老，朋友喊吃饭跑的比谁都快""}"
387,"外卖差评鉴赏家","逆天知识","⭐","点外卖先看差评，能从差评里准确判断这家是不是真的难吃","{""name"":""外卖差评鉴赏家"",""category"":""逆天知识"",""emoji"":""⭐"",""description"":""点外卖先看差评，能从差评里准确判断这家是不是真的难吃""}"
388,"摸鱼转世锦鲤","玄学运势","🐠","每次摸鱼刷视频都刚好避开领导查岗，运气好到离谱","{""name"":""摸鱼转世锦鲤"",""category"":""玄学运势"",""emoji"":""🐠"",""description"":""每次摸鱼刷视频都刚好避开领导查岗，运气好到离谱""}"
389,"上班带饭零存活","职场发疯","🍱","前一天晚上信誓旦旦要带饭，早上起晚了直接扔冰箱，转头还是点外卖","{""name"":""上班带饭零存活"",""category"":""职场发疯"",""emoji"":""🍱"",""description"":""前一天晚上信誓旦旦要带饭，早上起晚了直接扔冰箱，转头还是点外卖""}"
390,"网购买同款狂魔","性格搞怪","👕","碰到好穿的袜子直接买五双同款，好用的笔一次性买十根","{""name"":""网购买同款狂魔"",""category"":""性格搞怪"",""emoji"":""👕"",""description"":""碰到好穿的袜子直接买五双同款，好用的笔一次性买十根""}"
391,"深夜哲学大师","趣味整活","🤔","一到晚上就思考人生意义、宇宙起源，天亮了照样爬起来上班","{""name"":""深夜哲学大师"",""category"":""趣味整活"",""emoji"":""🤔"",""description"":""一到晚上就思考人生意义、宇宙起源，天亮了照样爬起来上班""}"
392,"古代拖延症身份","逆天知识","🏯","放在古代你就是迟迟不肯上朝的皇帝，百官等你两小时还在被窝","{""name"":""古代拖延症身份"",""category"":""逆天知识"",""emoji"":""🏯"",""description"":""放在古代你就是迟迟不肯上朝的皇帝，百官等你两小时还在被窝""}"
393,"下辈子当收租婆","玄学运势","💸","这辈子班都上够了，下辈子就想每天躺着收租，不用看领导脸色","{""name"":""下辈子当收租婆"",""category"":""玄学运势"",""emoji"":""💸"",""description"":""这辈子班都上够了，下辈子就想每天躺着收租，不用看领导脸色""}"
394,"外卖催单大师","情感离谱","📞","外卖迟到五分钟就开始催单，骑手还有两百米就站在楼下等","{""name"":""外卖催单大师"",""category"":""情感离谱"",""emoji"":""📞"",""description"":""外卖迟到五分钟就开始催单，骑手还有两百米就站在楼下等""}"
