编号,名称,分类,Emoji,描述,相似组,建议操作
1,塑料友谊防弹级,情感离谱,🛡️,表面笑嘻嘻，内心在算账，但就是吵不散。,G001,
2,领带薪拉屎冠军,职场发疯,👑,厕所隔间是工位的延伸，带薪摸鱼的最高境界。,G002,
3,废话大师鉴定,趣味整活,🗣️,一句话能说完的事，必须铺垫三页。,G003,
4,前世是什么外卖,玄学运势,🍱,上辈子是黄焖鸡还是麻辣烫，决定了你这辈子的性格底色。,G004,
5,用睡觉姿势推测历史地位,逆天知识,🛌,侧躺像谋士，趴着像昏君，四仰八叉是开国皇帝。,G005,
6,在同事群聊备注里叫什么,职场发疯,📱,“那个谁”、“A总”、“发通知的”，还是根本没被备注。,G006,
7,证明今天的班白上了,趣味整活,📄,打开文档，写写删删，最后保存的还是昨天的版本。,G007,
8,恋爱中的离谱角色,情感离谱,🎭,是军师、是侦探、还是永远在等对方下班的保安。,G008,
9,QQ号转世成什么,玄学运势,👻,九位数是古董，十一位数是路人，带太阳的能投个好胎。,G009,
10,你是哪种充电宝,性格搞怪,🔋,虚电王、慢充佛、还是自带三头线的社交悍匪。,,
11,跟历史人物的适配度,逆天知识,👑,你的性格，最适合给哪个皇帝当宰相，或者被哪个奸臣气死。,G010,
12,前世的未了微信好友申请,情感离谱,💬,上辈子没通过的好友，这辈子还在通讯录里躺着。,G011,
13,在同事眼里是什么人设,职场发疯,👤,靠谱的、神秘的、还是那个总在关键时刻掉链子的。,G012,
14,投胎成什么家用电器,玄学运势,🔌,是勤勤恳恳的洗衣机，还是常年吃灰的空气炸锅。,G013,
15,废话文学十级学者,趣味整活,🎓,听君一席话，如听一席话，但就是忍不住想听。,,
16,你是哪种Wi-Fi信号,性格搞怪,📶,满格社牛、时断时续社恐、还是根本搜不到的隐身人。,,
17,用奶茶配料测性格,逆天知识,🧋,珍珠是实在人，椰果是乐天派，奶盖是表面平静内心汹涌。,G014,
18,前世是什么部门什么角色,职场发疯,🏛️,上辈子是御膳房切菜的，还是翰林院写废话文学的。,G004,
19,恋爱脑切除手术恢复期,情感离谱,💉,术后仍有幻痛，看到某些关键词还是会手抖。,G015,
20,你的互联网人格,性格搞怪,🌐,朋友圈岁月静好，微博疯狂骂街，豆瓣在标记“已死”。,G016,
21,摸鱼时长的历史地位,趣味整活,⏳,从厕所战神到带薪冥想大师，你的摸鱼史可歌可泣。,,
22,下辈子投胎成什么APP,玄学运势,📱,是国民级应用，还是那个永远在“优化中”的冷门工具。,,
23,职场濒危动物图鉴,职场发疯,🐼,准点下班的独角兽，敢于反驳的喷火龙，还是濒临灭绝的老实人。,,
24,你的暗恋像什么过期食品,情感离谱,🥫,是罐头，封存得很好但不敢打开；是酸奶，过了保质期还在幻想发酵。,,
25,用泡面方式鉴定位面之子,逆天知识,🍜,开水一冲就熟是天选，煮完还夹生是逆天改命失败。,,
26,你是哪种天气,性格搞怪,🌦️,晴一阵阴一阵，偶尔打雷不下雨，预报永远不准。,,
27,废话接龙锦标赛冠军,趣味整活,🏆,能在任何话题上展开三分钟毫无意义的论述。,,
28,你的职场功德还剩多少,职场发疯,🙏,骂完老板扣一点，帮同事背锅加一点，每天都在清零边缘。,,
29,前世是什么街头小吃,玄学运势,🍡,是糖葫芦，看着红火内心酸；是烤冷面，外表强硬内心软。,,
30,友情里的工具人型号,情感离谱,🔧,情绪垃圾桶型、搬家专用型、还是随叫随到陪聊型。,G017,
31,你的大脑是什么存储设备,性格搞怪,💾,256G内存，90%是没用的梗图和吵架时没发挥好的话。,,
32,用点外卖习惯预测人生,逆天知识,📲,永远点同一家的是守成之君，爱尝鲜的是开拓者，凑满减的是宰相之才。,,
33,办公室植物生存指南,职场发疯,🪴,你是仙人掌（耐旱耐骂），还是绿萝（给点水就能活，但活不好）。,,
34,你的爱情像什么BUG,情感离谱,🐛,是偶现难以复现，是严重影响性能，还是根本找不到日志。,,
35,下辈子当什么交通工具,玄学运势,🚲,是共享单车（谁都能骑），是地铁（永远拥挤但准时），还是直升机（看着厉害但烧钱）。,,
36,你是哪种会议室状态,职场发疯,💺,神游天外型、疯狂记笔记型、还是那个唯一敢问“所以结论是？”的勇士。,G018,
37,互联网考古学家,趣味整活,⛏️,擅长挖掘五年前的段子，并配上“谁懂”重新发布。,,
38,你的情绪是什么奶茶温度,性格搞怪,🌡️,表面去冰，内心滚烫，偶尔全糖偶尔无糖。,,
39,用追剧姿势看职场地位,逆天知识,🛋️,躺着看是老板，坐直了看是中层，跪着看是新人。,,
40,前世是什么无效社交,玄学运势,👥,是点赞之交，是拼多多砍一刀，还是那个“改天请你吃饭”。,,
41,你是哪种待办事项,职场发疯,📋,高亮置顶紧急项、被无限推迟的长期项、还是已完成的但没人知道项。,,
42,恋爱里的阅读理解得分,情感离谱,📖,对方发“哦”，你能写出一篇八千字中心思想解析。,,
43,你的存在感是什么网络信号,性格搞怪,📡,在家人群是2G，在好友群是5G，在公司群是“对方不在服务区”。,,
44,用超市购物车测人生轨迹,趣味整活,🛒,只买必需品是苦行僧，塞满零食是享乐派，推着空车逛三圈是哲学家。,,
45,职场戏精的自我修养,职场发疯,🎬,“我在忙”的演技，决定了你今天能摸多久的鱼。,,
46,你的暗恋进度像什么下载任务,情感离谱,⏬,99%卡住，无法继续，也舍不得取消。,,
47,下辈子当什么云,玄学运势,☁️,是积雨云（爱哭），是卷云（飘忽不定），还是永远被挡住的底层云。,,
48,你是哪种会议室茶水,职场发疯,☕,第一杯被喝光的咖啡，无人问津的凉白开，还是泡到发苦的茶渣。,G018,
49,用手机电量类比社交能量,逆天知识,🔋,出门满电，见一个人掉20%，回家时必开省电模式。,,
50,你的幽默感是什么格式,性格搞怪,😂,是GIF（动图才有效果），是JPG（冷梗图），还是损坏文件（只有自己懂）。,G019,
51,你的精神宠物,趣味整活,🐶,不是猫狗，是脑子里那个24小时不睡觉的玩意儿。,G020,
52,塑料友情防弹级,情感离谱,🛡️,表面笑嘻嘻，背后连你朋友圈都懒得点开。,G001,
53,领带薪拉屎冠军,职场发疯,👑,每天带薪如厕的时间，够看完一部连续剧。,G002,
54,废话大师鉴定,逆天知识,🗣️,你说的话，信息密度比空气还低。,G003,
55,投胎成什么家用电器,玄学运势,🔌,上辈子积的德，这辈子变成冰箱还是电饭煲。,G013,
56,用睡觉姿势推测历史地位,逆天知识,🛌,蜷缩是流民，大字型是帝王，趴着是刺客。,G005,
57,前世是什么部门什么角色,玄学运势,🏛️,上辈子在御膳房偷吃，这辈子在办公室摸鱼。,G004,
58,恋爱中的离谱角色,情感离谱,🎭,不是王子公主，是扫地僧、NPC和那个总迷路的向导。,G008,
59,证明今天的班白上了,职场发疯,📄,忙了一天，最后发现需求取消了。,G007,
60,在同事群聊备注里叫什么,职场发疯,📱,不是本名，是“那个总迟到的”或“PPT战神”。,G006,
61,前世的未了微信好友申请,玄学运势,👻,孟婆汤喝了，但好友验证消息没清空。,G011,
62,QQ号转世成什么,玄学运势,9️⃣,一串数字的轮回，是变成门牌号还是彩票号码。,G009,
63,跟历史人物的适配度,逆天知识,🧑‍🤝‍🧑,你和李白合得来，还是和包拯处得好。,G010,
64,确诊为WiFi信号,性格搞怪,📶,时强时弱，人多就卡，关键时候总掉线。,G021,
65,你的大脑后台程序,趣味整活,💻,80%的内存用来循环播放一段尴尬回忆。,G022,
66,人生加载进度条,玄学运势,⏳,卡在99%的时间，比从0开始还长。,,
67,友谊的小船是什么材质,情感离谱,🚤,是纸折的，是铁打的，还是泡沫一戳就破。,,
68,职场人设崩塌现场,职场发疯,🏚️,精心维持的靠谱形象，被一次手滑撤回彻底摧毁。,,
69,你的专属BGM是什么,趣味整活,🎵,走哪儿跟哪儿的背景音乐，通常是二胡或者唢呐。,,
70,确诊为二手市场,性格搞怪,🛒,脑子里堆满了别人的观点和过期的情绪。,G023,
71,你的爱情像什么APP,情感离谱,📱,是闪退的bug，是加载中的转圈，还是永远匹配不到。,,
72,摸鱼时在平行世界做什么,职场发疯,🌌,此刻的你，在另一个时空可能正在拯救世界。,,
73,你的身体是什么版本,趣味整活,🔢,硬件老旧，软件冲突，还拒绝更新。,,
74,社交能量条还剩多少,性格搞怪,🔋,出门一趟耗电80%，回家充电两小时续航五分钟。,,
75,上辈子是什么动物,玄学运势,🐾,不是猫狗，是树懒、水豚或者平头哥。,G024,
76,你的离谱超能力,趣味整活,🦸,不是飞也不是隐身，是总能赶上电梯门关上的最后一秒。,,
77,职场生存靠什么天赋,职场发疯,🧬,假装忙碌、选择性失明、以及精准的厕所timing。,,
78,你的内心戏是什么类型片,性格搞怪,🎬,悬疑、苦情、科幻大片，就是没有纪录片。,,
79,聊天记录考古学家,情感离谱,⛏️,能从三年前的群聊里，挖出今天的吵架素材。,,
80,你的运气是什么天气,玄学运势,🌦️,局部有阵雨，偶尔晴转多云，常年不宜出门。,,
81,确诊为行走的弹幕,性格搞怪,💬,心里刷过的吐槽，比视频网站上的还密集。,,
82,你的家庭地位是什么电器,趣味整活,🏠,是遥控器，是路由器，还是那个总被踢到的插排。,,
83,职场隐形技能,职场发疯,👁️,如何在领导眼皮底下，完成一局手机游戏。,,
84,你的爱情兵法,情感离谱,📖,三十六计，走为上计；敌进我退，敌退我删。,,
85,人生重启点在哪,玄学运势,🔄,是上次没保存的文档，还是那句没说出口的话。,,
86,你的大脑是什么搜索引擎,逆天知识,🔍,正经事搜不到，犄角旮旯的八卦一秒弹出。,,
87,确诊为会议室盆栽,职场发疯,🪴,人在，但灵魂在光合作用。负责点缀，不负责发言。,,
88,你的社交面具有几层,性格搞怪,🎭,对同事一层，对家人一层，对快递小哥又是另一层。,,
89,你的手机相册是什么主题,趣味整活,📸,截图博物馆、猫片合集、和一堆忘了为什么拍的东西。,,
90,你的拖延症是什么形态,性格搞怪,🦥,是火山爆发前夜，还是永无止境的“明天再说”。,,
91,职场食物链你在哪一层,职场发疯,🦈,是顶端掠食者，是浮游生物，还是负责分解的。,,
92,你的暗恋像什么地下工作,情感离谱,🕵️,线索埋得深，行动全靠猜，结局通常是自我瓦解。,,
93,你的财运是什么交通方式,玄学运势,🚗,是堵在路上，是错过班车，还是根本就没买票。,,
94,确诊为过期罐头,性格搞怪,🥫,外表完好，内在微妙，不知道还能不能打开。,G025,
95,你的幽默感是什么方言,趣味整活,😂,只有自己听得懂，讲出来全场冷场。,G019,
96,职场必杀技冷却时间,职场发疯,❄️,一次爆发性输出后，需要躺平三天回蓝。,,
97,你的QQ宠物转世,玄学运势,🐧,那只饿死又复活的企鹅，这辈子投胎成了什么,,
98,塑料友情防弹等级,情感离谱,🛡️,表面笑嘻嘻，背后连拼多多都不帮你砍一刀,G001,
99,领带薪拉屎冠军,职场发疯,👑,计算你在厕所为公司创造的时间价值,G002,
100,废话大师鉴定,趣味整活,🗣️,一句话能说完的事，你非分三句，还带个表情包,G003,
101,前世是什么外卖,玄学运势,🍱,黄焖鸡米饭、麻辣香锅还是永远在路上的奶茶,G004,
102,在同事群聊备注里,职场发疯,📝,你以为你叫本名，其实你是‘那个总问问题的’,G006,
103,确诊为Wi-Fi信号,性格搞怪,📶,时强时弱，关键时候总掉线，还老让人想重启你,G021,
104,用睡觉姿势推测历史地位,逆天知识,💤,蜷缩是亡国之君，大字型是开国皇帝,G005,
105,恋爱中的离谱角色,情感离谱,🎭,你是那个永远读不懂空气的，还是那个自己加戏的,G008,
106,投胎成什么家用电器,玄学运势,🔌,扫地机器人（劳碌命）还是空气炸锅（看起来厉害）,G013,
107,证明今天的班白上了,职场发疯,📄,下班前五分钟被拉进会议，并被告知‘明天再说’,G007,
108,你的精神宠物是什么,趣味整活,🐾,脑子里住着一只随时躺平的树懒，还是一只焦虑的仓鼠,G020,
109,前世是什么部门的,玄学运势,🏛️,御膳房切菜的，还是翰林院写废话奏折的,G004,
110,跟历史人物的适配度,逆天知识,👥,你的性格最适合给哪位皇帝当谏官（并大概率被砍头）,G010,
111,前世的未了微信好友申请,情感离谱,👻,孟婆汤喝了，但那个红色未读提示跟过来了,G011,
112,在同事眼里是什么人设,职场发疯,🎪,靠谱的冤大头，还是神秘的摸鱼侠,G012,
113,确诊为过期酸奶,性格搞怪,🥛,表面平静，内里已经发酵成一团不可名状之物,G025,
114,你的QQ号转世成什么,趣味整活,9️⃣,一串数字决定了你下辈子是锦鲤还是清道夫,G009,
115,用奶茶配料测性格,逆天知识,🧋,波霸是外向，椰果是务实，啥都要的是选择困难,G014,
116,你的职场寿命还剩几天,玄学运势,⏳,根据本月收到‘在吗’的次数和老板微笑频率计算,,
117,暧昧对象是哪种NPC,情感离谱,🗺️,只会重复三句话的，还是给你发永远完不成的任务的,,
118,会议中的角色扮演,职场发疯,🎬,你是点头机器、灵魂出窍者，还是那个突然被Q到的倒霉蛋,,
119,确诊为手机电量,性格搞怪,🔋,早上满格，下午预警，晚上靠充电宝续命,,
120,你的废话能量等级,趣味整活,💬,能从‘吃了吗’聊到宇宙大爆炸，中间毫无逻辑,,
121,从走路姿势看朝代,逆天知识,🚶,风风火火像赶着上朝的，晃晃悠悠像退休的员外,,
122,下辈子是什么垃圾,玄学运势,🗑️,可回收（还有用）、干垃圾（凑合过）、有害垃圾（快跑）,,
123,朋友群的聊天定位,情感离谱,📍,话题发起者、捧场哈哈怪，还是那个永远已读不回的,,
124,带薪如厕时间管理大师,职场发疯,⏱️,精确计算老板动向后，发起长达二十分钟的厕所远征,G026,
125,确诊为路由器,性格搞怪,🛜,一堆人连着你，时不时还要求你重启一下,G027,
126,你的大脑是什么浏览器,趣味整活,🌐,IE（反应慢）、Chrome（标签页开太多）、Safari（看起来高级）,,
127,用点菜方式看统治风格,逆天知识,📋,‘随便’是昏君，‘都来一份’是暴君，‘听你的’是傀儡皇帝,,
128,你的阳寿被什么扣完了,玄学运势,➖,熬夜、生气，还是刷到弱智视频时的那句‘我服了’,,
129,恋爱像在玩什么游戏,情感离谱,🎮,恋爱养成（慢）、恐怖游戏（惊）、扫雷（一踩就炸）,,
130,办公室食物链位置,职场发疯,🦁,顶层掠食者、中层打工人，还是底层负责背锅的浮游生物,,
131,确诊为薛定谔的猫,性格搞怪,🐱,又懒又勤快，又社恐又话痨，取决于有没有人观察你,,
132,你的笑声像什么乐器,趣味整活,🎺,杠铃般的铜管乐，还是鹅叫般的破音木笛,,
133,从起床气判断武将类型,逆天知识,⚔️,睁眼就要砍人的是猛将，赖床不起的是谋士（在思考）,,
134,上辈子存的功德余额,玄学运势,💰,查看你这辈子的好运是阔绰还是欠费状态,,
135,友情里的工具人指数,情感离谱,🛠️,修图、搬家、情感咨询，随叫随到，用完就晾一边,G017,
136,你的工位风水怎么样,职场发疯,🧭,对着厕所（煞气重）、对着老板（压力大）、对着空调（冷热交替）,G028,
137,确诊为二手市场,性格搞怪,🏪,什么功能都有点，但都不太好使，还总被砍价,G023,
138,你的大脑后台程序,趣味整活,💻,80%在播放昨晚的尴尬回忆，20%在思考中午吃什么,G022,
139,用赖床理由推测历史事件,逆天知识,🛌,‘再睡五分钟’导致早朝迟到，间接引发王朝覆灭,,
140,下辈子的出生点,玄学运势,📍,罗马、新手村，还是直接掉进粪坑里,,
141,暗恋像在玩什么,情感离谱,🎣,单机游戏（自己演）、钓鱼（愿者上钩）、扫雷（不敢动）,,
142,职场隐身术修炼等级,职场发疯,👤,完美融入背景板，还是‘虽然看不见但活都是你干的’,G029,
143,你的精神宠物,趣味整活,🐿️,别人养猫养狗，你养的是脑子里那个24小时不睡觉的玩意儿。,G020,
144,废话大师鉴定,逆天知识,🗣️,能把“今天天气不错”说成一篇500字小作文，说的就是你。,G003,
145,前世是什么外卖,玄学运势,🍱,上辈子可能是一份黄焖鸡米饭，被点了又点，永远在送达的路上。,G004,
146,恋爱中的离谱角色,情感离谱,🎭,不是主角，是那个在主角旁边负责递水、说错话、然后被观众记住的配角。,G008,
147,工位上的神秘失踪事件,职场发疯,🕵️,笔、零食、充电器，总在你最需要的时候人间蒸发。,G030,
148,慢性待机,性格搞怪,⏳,开机五分钟，加载两小时，说的不是电脑，是你。,G031,
149,你的QQ号转世成什么,趣味整活,💻,一串数字的轮回，可能是路灯，也可能是你老板的咖啡杯。,G009,
150,用睡觉姿势推测历史地位,逆天知识,🛌,蜷成虾米的是军师，四仰八叉的是将军，抱着被子滚来滚去的是亡国皇帝。,G005,
151,下辈子投胎成什么岗位,玄学运势,🧑‍💼,不是CEO，是公司饮水机，负责听八卦和被人摸鱼时盯着看。,G032,
152,社交电池容量,情感离谱,🔋,出门一趟掉电80%，回家充电需要独处48小时。,G033,
153,证明今天的班白上了,职场发疯,📄,忙了一天，最后只产出了一份名为“工作总结.docx”的空白文档。,G007,
154,床头水杯数量,性格搞怪,🥛,永远有三个半满的水杯，一个昨晚的，一个今早的，一个不知道哪天的。,G034,
155,给Wi-Fi分配MBTI,趣味整活,📶,你家网络是ENTP（爱辩论，时连时断）还是ISFJ（稳定但慢，默默奉献）？,,
156,你是哪个朝代的民间专家,逆天知识,📜,精通宋代外卖配送体系，或者明代八卦周刊排版。,,
157,灵气复苏后你的本体,玄学运势,✨,不是神兽，是写字楼里一株靠着咖啡因续命的绿萝。,G035,
158,塑料友情鉴定,情感离谱,🛍️,点赞之交是薄塑料袋，能借钱的是加厚款，但都怕火。,G036,
159,开会时的真实脑内活动,职场发疯,💭,表面在记笔记，心里在给每个发言的人配BGM。,,
160,备忘录人格,性格搞怪,📝,里面记满了“突然想到的绝妙点子”，第二天看像外星文。,,
161,你的手机相册是什么垃圾场,趣味整活,🗑️,截图废料、模糊风景、和八百张角度一样的自拍。,,
162,通过奶茶订单反推人生,逆天知识,🧋,全糖是年少轻狂，三分糖是向生活妥协，去冰是最后的倔强。,,
163,上辈子是什么部门的,玄学运势,🏛️,不是皇宫，是县衙里管档案的，专门给卷宗盖章盖到手抽筋。,G024,
164,暗恋表达流派,情感离谱,🎨,主动出击型、等天降型、在对方朋友圈考古型、以及自我感动到死型。,,
165,下班前最后五分钟,职场发疯,⏰,时间在这里发生相对论效应，一秒被拉得像一个世纪那么长。,G037,
166,确诊为路由器,性格搞怪,📡,看起来很重要，其实谁都想踢你一脚，而且总在深夜被抱怨信号不好。,G027,
167,你的表情包灵魂伴侣,趣味整活,😈,那个你用得最顺手、最能代表你内心阴暗面的表情，找到了吗？,G038,
168,冷门生活技巧持有者,逆天知识,🔧,比如，你知道怎么用一张纸让蚊子自杀。,,
169,今日运势（准不准你说了算）,玄学运势,🔮,宜：躺在床上；忌：起床。准了请打钱，不准是你心不诚。,,
170,朋友群里的备注名,情感离谱,🏷️,在对方手机里，你可能不叫本名，叫“周五火锅搭子”或“借钱拉黑那位”。,,
171,摸鱼时创造的副业,职场发疯,🎨,用公司电脑写的网络小说，画的摸鱼小漫画，或者研究的彩票号码规律。,,
172,把天聊死锦标赛冠军,性格搞怪,🏆,一句话就能让热闹的群聊瞬间安静，这是一种天赋。,,
173,如果家具会说话,趣味整活,🛋️,你的沙发会对你的躺平姿势做出什么锐评？,,
174,你的外卖人格,逆天知识,🍔,连续一周点同一家店同一种饭，这不是专一，是系统论里的“路径依赖”。,G039,
175,投胎成什么家用电器,玄学运势,🔌,可能是空调，夏天被需要冬天被遗忘；也可能是灯泡，总在关键时刻坏掉。,G013,
176,未发送消息收藏家,情感离谱,📨,对话框里打了又删的话，比发出去的真心一百倍。,,
177,办公室神秘音源,职场发疯,👻,永远不知道是谁的肚子在叫，键盘敲得最响，以及叹气声穿透力最强。,,
178,深夜思想家,性格搞怪,🤔,白天：嗯嗯好的。凌晨三点：宇宙的尽头是什么？,,
179,你的互联网人格,趣味整活,🌐,现实唯唯诺诺，网上重拳出击，账号切换比川剧变脸还快。,G016,
180,通过歌单诊断人生阶段,逆天知识,🎵,青春伤痛、电子蹦迪、养生佛经，你的播放列表就是你的心电图。,G040,
181,前世未了的微信好友申请,玄学运势,👻,孟婆汤没洗掉的那个红色小点，这辈子还在等一个通过。,G011,
182,友情中的工具人指数,情感离谱,🛠️,修电脑、搬家、情感咨询，随叫随到，用完就放回“朋友”这个文件夹。,G017,
183,职场隐身术等级,职场发疯,🧥,如何在开会时完美隐藏自己，让领导点名时自动跳过你。,G029,
184,选择性耳聋,性格搞怪,👂,妈妈喊吃饭听不见，零食包装袋响了一下立刻闪现。,,
185,你的大脑是什么垃圾处理器,趣味整活,🧠,正经事记不住，十年前的尴尬瞬间循环播放。,,
186,你是哪种民间传说生物,逆天知识,🐉,不是龙，是那种专偷袜子、让Wi-Fi变慢的灶台小精灵。,,
187,本周功德收支表,玄学运势,📊,扶了老奶奶+1，心里骂了老板-10086，目前功德严重赤字。,,
188,恋爱中的阅读理解,情感离谱,📚,对方发个句号，你能写出一篇五千字的中心思想分析。,,
189,带薪如厕时间管理大师,职场发疯,🚽,精确计算每天最划算的摸鱼时段，并形成肌肉记忆。,G026,
190,内心戏独角戏演员,性格搞怪,🎬,洗澡时是歌王，走路时是战神，实际见面时是哑巴。,,
191,周一早八的怨气,职场发疯,😤,不是不想上班，是不想周一上班,G041,
192,周末失忆症,性格搞怪,🧠,周五晚上计划满满，周日晚上只想躺着,G042,
193,工位结界,职场发疯,🛡️,戴上耳机，世界与我无关，除非领导喊我,,
194,摸鱼时间管理大师,职场发疯,⏱️,精准计算领导路过工位的时间，并切换屏幕,G043,
195,下班前五分钟相对论,职场发疯,⏳,这五分钟，比白天八小时都漫长,,
196,咖啡续命鉴定,职场发疯,☕,今天第几杯了？不喝这口，脑子就开不了机,,
197,周末充电宝,性格搞怪,🔋,电量只够撑到周三，周末是唯一的充电口,,
198,会议灵魂出窍,职场发疯,👻,身体在会议室，灵魂在盘算晚上吃啥,G044,
199,你的摸鱼流派,趣味整活,🎣,是假装忙碌型，还是光明正大型，还是厕所战神型,G045,
200,前世是哪个部门的,玄学运势,📜,上辈子可能也是打工人，在哪个衙门当差,G004,
201,加班功德,玄学运势,🙏,积攒的加班时长，下辈子能兑换成什么,,
202,周末人格分裂,性格搞怪,🎭,白天发誓要改变世界，晚上瘫着刷手机到两点,,
203,你的职场保护色,趣味整活,🦎,是透明人，还是气氛组，还是背锅侠,,
204,PPT驯兽师,职场发疯,🎪,把一堆废话和图表，驯服成能看的形状,,
205,深夜改稿的怨灵,玄学运势,👹,凌晨两点还在改第8版，灵魂已经出窍,,
206,你的周末重启方式,趣味整活,🔄,是彻底躺平，还是报复性玩耍，还是假装没周末,,
207,工位失踪物品图鉴,逆天知识,🔍,笔、零食、充电器…总在需要的时候神秘消失,,
208,你的精神年假,玄学运势,🏝️,大脑在放假的次数，比实际休假多多了,G020,
209,职场塑料友情鉴定,情感离谱,🥤,点赞之交，奶茶之交，还是真能一起骂领导,G036,
210,下班后失联等级,性格搞怪,📵,消息秒回，还是已读不回，还是直接人间蒸发,,
211,你的KPI是啥,趣味整活,📊,人生的KPI，可能是今天成功摸鱼不被发现,,
212,周末焦虑症,情感离谱,😰,周日晚上开始心慌，感觉明天就要上刑场,G042,
213,你的摸鱼搭子,情感离谱,🤝,那个一起上厕所、一起下楼拿快递的革命战友,G045,
214,前世加班猝死鉴定,玄学运势,💀,这辈子这么怕加班，是不是上辈子有阴影,,
215,你的工作待机模式,性格搞怪,💤,看起来在干活，其实大脑在待机，等下班指令,,
216,通勤路上的修行,逆天知识,🚇,挤地铁练就的缩骨功和面无表情神功,,
217,你的职场人设,趣味整活,🎨,是靠谱老黄牛，还是摸鱼小能手，还是背锅预备役,G046,
218,周末外卖人格,性格搞怪,🍱,是精心做饭，还是躺平点外卖，还是饿到不行再点,G039,
219,你的怨气收集器,职场发疯,📦,工位上的某个小物件，专门吸收你的负能量,,
220,下班后回血速度,逆天知识,💉,有人需要一整晚，有人出公司门就满血复活,,
221,你的摸鱼BGM,趣味整活,🎵,戴上耳机听什么，决定了你今天的摸鱼质量,,
222,职场小强命格,玄学运势,🪳,怎么骂都骂不走，怎么卷都卷不死，生命力顽强,,
223,周末计划破产专家,性格搞怪,🏦,计划很丰满，执行很骨感，最后都在床上度过,,
224,你的请假理由库,逆天知识,🗂️,从“肚子疼”到“家里有事”，你的储备有多丰富,,
225,深夜加班emo等级,情感离谱,🌃,从怀疑人生，到想立刻辞职，到麻木地继续敲键盘,,
226,你的工位风水,玄学运势,🧧,座位朝向，决定了你今天的摸鱼运势和挨骂概率,G028,
227,周末社交电池容量,情感离谱,🔋,出门见朋友是充电还是耗电，决定了周末怎么过,G033,
228,你的职场替身,趣味整活,👤,想象中那个在认真工作的你，和实际上的你,G046,
229,摸鱼时的大脑活动,逆天知识,🧠,表面在回邮件，内心在策划晚上吃火锅还是烧烤,,
230,你的下班仪式感,性格搞怪,🎉,是关电脑的瞬间，是打卡的声音，还是走出大楼的那口气,,
231,前世是摸鱼达人吗,玄学运势,🎣,这辈子这么会摸，是不是上辈子练过,,
232,职场隐形人修炼手册,职场发疯,👻,如何降低存在感，让领导忘记给你派活,,
233,周末时间膨胀现象,逆天知识,🕰️,感觉刚放假，怎么就周一了？时间被谁偷走了,,
234,你的精神离职日期,情感离谱,📅,身体还在上班，灵魂的离职申请已经交了一百遍,,
235,工位零食生态学,趣味整活,🍫,你的抽屉里，藏着怎样一个完整的零食生态系统,,
236,加班福报转化率,玄学运势,💰,加的班，有多少能真正变成福报（比如调休）,,
237,你的周末重启键在哪,性格搞怪,🔘,是睡到自然醒，是喝一杯奶茶，还是彻底打扫房间,,
238,你的精神宠物是什么,趣味整活,🦔,别人养猫养狗，你脑子里养着一只随时会炸毛的刺猬。,G020,
239,前世是什么外卖,玄学运势,🍱,上辈子可能是一份被点了三遍的麻辣香锅，或者是一碗永远在路上的螺蛳粉。,G004,
240,在同事群聊备注里叫什么,职场发疯,📝,“摸鱼小王子”、“会议室雕像”还是“已读不回大师”？,G006,
241,废话大师鉴定,逆天知识,🗣️,能把“今天天气不错”展开成一篇八百字小作文的，就是你。,G003,
242,社交电池容量,性格搞怪,🔋,出门两小时，回家充电一整天。电量显示永远在10%以下徘徊。,G033,
243,恋爱中的离谱角色,情感离谱,🎭,是“自我攻略型选手”还是“等对方先死的守株待兔型”？,G008,
244,证明今天的班白上了,职场发疯,💸,忙了一天，回头一看，啥也没干成，工资还扣了。,G007,
245,投胎成什么家用电器,玄学运势,🧹,是勤勤恳恳的扫地机器人，还是常年吃灰的空气炸锅？,G013,
246,用睡觉姿势推测历史地位,逆天知识,🛏️,蜷成球的是军师，四仰八叉的是昏君，抱着枕头的是被流放的皇子。,G005,
247,你的暗恋属于什么流派,情感离谱,💘,是“视奸对方所有社交平台但绝不说话”的忍者流，还是“疯狂暗示到对方报警”的直球流？,,
248,慢性待机确诊,性格搞怪,⏸️,人在这里，魂在别处。启动需要十分钟，运行五分钟就卡顿。,G031,
249,QQ号转世成什么,趣味整活,💻,你的九位数QQ，下辈子可能是一个Wi-Fi密码，或者一串神秘代码。,G009,
250,开会时的真实精神状态,职场发疯,🧠,表面在记笔记，脑子里在放《甄嬛传》，并且已经演到滴血认亲了。,G047,
251,你的外卖记录人生转折点,逆天知识,📈,从麻辣烫到轻食沙拉，记录了你从放纵到自律（失败）的全过程。,,
252,塑料友情材质鉴定,情感离谱,🛍️,是“点赞之交”的薄塑料袋，还是“借钱不还”的劣质PVC？,G036,
253,把天聊死专业几级,性格搞怪,💀,一句话就能让热闹的群聊瞬间冷场，并收获一串省略号。,,
254,前世是什么部门角色,玄学运势,🏛️,上辈子是御膳房偷吃的，还是翰林院打瞌睡的？,G004,
255,工位神秘失踪事件,职场发疯,🔍,笔、零食、充电器，总在你最需要的时候，从工位上凭空消失。,G030,
256,你的表情包灵魂伴侣,趣味整活,🤪,是那个捂脸哭的熊猫头，还是那个“我裂开了”的沙雕猫？,G038,
257,深夜矫情浓度检测,情感离谱,🌙,凌晨两点，打开备忘录开始写诗，天亮一看尴尬到脚趾抠地。,,
258,在同事眼里的人设,性格搞怪,👀,是“那个总在厕所摸鱼的人”，还是“消息秒回的AI同事”？,G012,
259,下辈子投胎什么岗位,玄学运势,👔,是天天被@的产品经理，还是永远在改需求的乙方设计师？,G032,
260,用奶茶配料看性格,逆天知识,🧋,全糖加料的是享乐主义，无糖去冰的是苦行僧，波霸单独放一边的是强迫症。,G014,
261,下班前最后五分钟,职场发疯,⏰,时间变得无比漫长，每一秒都像在跑马拉松，但身体已经进入待机状态。,G037,
262,你的网络人格分裂指数,趣味整活,🧩,微博发疯，朋友圈装死，小红书岁月静好，豆瓣阴暗爬行。,G048,
263,对暗恋对象的表达方式,情感离谱,📤,是发仅对方可见的朋友圈，还是把聊天记录翻烂但绝不主动发消息？,G049,
264,床头水杯数量,性格搞怪,🥛,三个起步，五个正常。每个都喝了一口，但永远想不起哪个是昨晚的。,G034,
265,灵气复苏你在哪一层,玄学运势,✨,是刚能看见阿飘的入门级，还是已经能用意念关灯的宗师级？,,
266,你跟历史人物的共同点,逆天知识,👑,和李白一样爱喝酒（但会断片），和杜甫一样穷（但花呗欠更多）。,G050,
267,摸鱼时的手部小动作,职场发疯,🖱️,转笔、抠键盘、假装在打字其实在刷微博，一套动作行云流水。,,
268,给日常物品分配MBTI,趣味整活,🗂️,充电线是P人（随缘找），枕头是J人（必须摆正），空调是ENTJ（掌控全局）。,G051,
269,未发送的微信消息,情感离谱,📱,对话框里打了又删、删了又打，最后只发出去一个“嗯”或者表情包。,,
270,出门前的准备时长,性格搞怪,🚪,说“马上出门”，其实还要经历找钥匙、换鞋、突然想上厕所等半小时流程。,,
271,寿命计算（离谱版）,玄学运势,📅,根据你熬夜的天数、奶茶的杯数和生气的频率，重新估算你的阳寿。,,
272,你是哪个小众领域专家,逆天知识,🔬,可能是“如何快速在超市找到打折商品”领域的民间诺贝尔奖得主。,G052,
273,周一早八的怨气实体化,职场发疯,😤,如果怨气能发电，你周一早上产生的能量够整个城市用一周。,G041,
274,你和最好朋友的相似度,趣味整活,👯,不用说话就知道对方下一句要吐槽什么，连笑点都长在同一个地方。,,
275,恋爱脑发作周期,情感离谱,💓,每月总有那么几天，看谁都觉得“他是不是喜欢我”，连路过的狗都像在对你笑。,,
276,备忘录里的奇怪清单,性格搞怪,📒,存着“想吃的店”、“骂人的话”、“半夜的灵感”，但永远想不起打开看。,,
277,上辈子是什么职业（冷门版）,玄学运势,⚔️,不是皇帝将军，是驿站喂马的、茶馆说书的、或者专门给城墙贴小广告的。,,
278,通过歌单看人生阶段,逆天知识,🎵,从“伤心情歌”到“儿歌大全”，记录了你从为爱流泪到为娃崩溃的全过程。,G040,
279,上班如厕时间管理大师,职场发疯,🚽,精准计算老板不在、会议间隙的黄金十分钟，完成每日最重要的放松仪式。,G026,
280,你的互联网嘴替是谁,趣味整活,🗣️,是某个暴躁博主，还是某个阴阳怪气的bot？你不敢说的，ta都说了。,,
281,对crush的搜索记录,情感离谱,🔎,从名字到星座，从学校到公司，甚至搜过他三年前点赞过的一条微博。,,
282,“再玩五分钟就睡”重症,性格搞怪,⏳,五个五分钟过去，天亮了，你还在刷手机，并坚信这次真的只差一点。,,
283,今天的运势（自己说了算）,玄学运势,🔮,不准？那是你心不诚。准了？那是我算得灵。横竖都是你对。,,
284,你的拖延症具体型号,逆天知识,🐌,是“死线前爆种型”，还是“干脆忘了型”，或者是“假装在忙其他事型”？,,
285,办公室神秘失踪事件2.0,职场发疯,👻,这次消失的不是物品，是“想工作的心情”和“对未来的希望”。,,
286,你的精神宠物是什么,趣味整活,🐶,不是猫猫狗狗，是脑子里那个一到晚上就蹦迪的小东西。,G020,
287,废话大师鉴定,趣味整活,🗣️,能把“今天天气不错”说成一篇论文，说的就是你。,G003,
288,QQ号转世成什么,玄学运势,🔢,一串数字的轮回，是变成路边摊还是变成博物馆藏品？,G009,
289,在同事群聊备注里叫什么,职场发疯,📝,“那个总在厕所摸鱼的”和“那个永远在改需求的”，总有一款适合你。,G006,
290,前世是什么部门什么角色,玄学运势,👑,不是皇帝将军，是御膳房偷吃的，还是军机处打瞌睡的？,G004,
291,慢性待机综合症,性格搞怪,⏸️,人坐着，脑子在转，但就是不动。一种介于活着和没活之间的状态。,G031,
292,把天聊死流派,情感离谱,💀,你是“嗯嗯哦哦”派，还是“突然开始讲道理”派？,,
293,深夜矫情等级,情感离谱,🌙,从“我很好”到翻三年前朋友圈并点赞，一共分几级？,G053,
294,开会时的真实精神状态,职场发疯,💭,表面在记笔记，灵魂在思考中午吃啥，以及宇宙的尽头。,G047,
295,证明今天的班白上了,职场发疯,📄,打开文档，写了两行，删掉，关掉。这就是你一天的劳动成果。,G007,
296,你的社交电池容量,性格搞怪,🔋,出门两小时，回家充电八小时。电量条永远在红色边缘试探。,G033,
297,跟历史人物的共同点,逆天知识,📜,你和李白都爱喝酒，和杜甫一样穷，和苏轼一样被贬（流放）到工位。,G050,
298,外卖记录反推人生,逆天知识,🍱,连续一周麻辣香锅，说明你正在渡劫。突然开始点沙拉，说明劫渡完了，或者放弃了。,,
299,投胎成什么家用电器,玄学运势,🔌,是24小时待机的路由器，还是一个月用一次的空气炸锅？,G013,
300,恋爱中的离谱角色,情感离谱,🎭,你是自我攻略型军师，还是等对方先开口的木头桩子？,G008,
301,塑料友情材质鉴定,情感离谱,🛍️,是可降解的环保塑料，还是火烧不化的千年老料？,G036,
302,工位神秘失踪事件,职场发疯,🕵️,笔、零食、充电器，总在你不注意的时候消失，又在发薪日前后神秘出现。,G030,
303,下班前最后五分钟,职场发疯,⏳,时间在这里被拉长，像过了半个世纪。你盯着时钟，它盯着你。,G037,
304,你眼中的自己 vs 别人眼中的你,性格搞怪,👁️,你以为你是高冷猫系，其实在别人那是热情哈士奇。,,
305,没人理解的生活习惯,性格搞怪,🤫,比如吃薯条必须一根一根蘸番茄酱，比如睡前必须刷十分钟无聊短视频。,,
306,用睡觉姿势推测历史地位,逆天知识,🛌,蜷缩如虾米——隐士。四仰八叉——君王。趴着睡——可能是个探子。,G005,
307,你是哪个小众领域民间专家,逆天知识,🧐,泡面的一百种吃法，还是如何优雅地蹭公司WiFi？,G052,
308,今天的运势，准不准你说了算,玄学运势,🔮,“宜摸鱼，忌开会”。准了就是神算，不准就是心诚则灵。,,
309,下辈子投胎成什么岗位,玄学运势,💼,是天天被@的产品经理，还是永远在修bug的程序员？想想就刺激。,G032,
310,对暗恋对象的表达方式,情感离谱,💌,是朋友圈仅他可见的深夜网易云，还是聊天记录翻烂了也不敢发个表情包？,G049,
311,社交强制关机时刻,情感离谱,🔄,当话题转到你不懂的领域，或者有人开始凡尔赛，你的系统就自动黑屏了。,,
312,给日常物品分配MBTI,趣味整活,🏷️,马桶是ISTJ（一丝不苟），WiFi是ENFP（热情但不稳定），你的枕头是INFP（吸收所有情绪）。,G051,
313,跟表情包的灵魂契合度,趣味整活,😭,那个“笑着流泪”的熊猫头，是不是你的人生写照？,,
314,证明你和朋友是同一个人,趣味整活,👯,聊天记录里一半是“哈哈哈哈”，另一半是“你也是？？？”,,
315,前世的未了微信好友申请,玄学运势,📱,孟婆汤喝了，但那个红色的小点点，还在奈何桥那头闪啊闪。,G011,
316,在同事眼里是什么奇怪人设,职场发疯,🎪,是“那个总带奇怪零食的”，还是“开会永远坐角落的隐形人”？,G012,
317,你的翻聊天记录流派,性格搞怪,🔍,从第一条翻到三天前，翻完又翻回来——你就是这样的人。,,
318,床头水杯数量评级,性格搞怪,🥛,一个杯是正常人，三个杯是水牛，五个杯以上……你是在床头开茶话会吗？,G034,
319,备忘录里的未发送内容,情感离谱,📓,写满了想说的话，最后都变成了“算了”。,,
320,与历史人物的适配度,逆天知识,🤝,你和嵇康一样爱打铁（健身），和陶渊明一样想辞职种地。,G010,
321,你的外卖连续剧,逆天知识,🎬,第一集：探索新店。第十集：还是那家黄焖鸡。大结局：泡面。,,
322,灵气复苏后你的天赋,玄学运势,✨,是能一眼看穿对方昨晚熬夜了，还是能凭空让WiFi信号增强一格？,G035,
323,周一早八的怨气实体化,职场发疯,😤,如果怨气能发电，你工位上的灯能从周一亮到周五。,G041,
324,摸鱼时的搜索引擎记录,职场发疯,🌐,从“如何快速致富”到“附近哪家奶茶好喝”，记录了你跌宕起伏的职业生涯。,,
325,你的网络人格分裂指数,趣味整活,🎭,微博暴躁老哥，朋友圈岁月静好，豆瓣文艺青年。哪个才是真的你？都是。,G048,
326,确诊为“已读不回”型人格,情感离谱,👁️‍🗨️,不是不想回，是手指它有自己的想法，比如点开，然后退出。,,
327,你的“算了”能量槽,性格搞怪,⚡,从“我要据理力争”到“算了算了”，只需要对方一个迷惑操作。,,
328,通过歌单诊断近期状态,逆天知识,🎧,全是伤感情歌——失恋了。全是电音——要加班了。儿歌循环——彻底疯了。,,
329,上辈子是驿站喂马的,玄学运势,🐎,这辈子对“马上就好”“在路上了”这种话，有刻在DNA里的PTSD。,,
330,你的工位风水,职场发疯,🧧,背对老板（大吉），正对空调（大凶），旁边是零食富翁（上上签）。,G028,
331,朋友群的潜水并截图大师,趣味整活,📸,不说话，但每一个梗图、每一段黑历史，你都默默保存了下来。,,
332,单身饭桶鉴定,性格搞怪,🍚,点外卖永远凑满减，吃不完的第二天热热接着吃，冰箱里永远有半盒剩菜,,
333,猫奴等级测试,性格搞怪,🐱,发工资先给猫买罐罐，自己啃泡面，手机相册一万张猫片没一张自拍,,
334,熬夜肝游戏人,性格搞怪,🎮,定闹钟起来清日常，打输了气的拍桌子，赢了能乐半小时，队友菜比自己输了还气,,
335,追星氪金能手,性格搞怪,💳,专辑买十张拆重复也开心，周边堆半墙，代言的产品就算用不上也要凑销量,,
336,路边摊狙击手,性格搞怪,🍢,下班路上闻着味就能找到新开的炸串摊，哪家烤冷面多放酱门儿清,,
337,单身沙发焊死,趣味整活,🛋️,周末能在沙发上瘫一天，外卖到了才挪屁股，遥控器永远在伸手能碰到的地方,,
338,狗语八级学者,趣味整活,🐶,路上看见狗就想汪汪两声打招呼，能精准分辨自家狗叫是要吃饭还是要出门,,
339,抽卡非酋认证,趣味整活,🎴,次次大保底，抽卡前洗手拜神没用，别人十连三黄你十连全R,,
340,追星站姐代餐,趣味整活,📸,接机举着大炮比记者跑的快，修图比上班认真，爱豆发微博比自己中奖还激动,,
341,吃辣段位测评,趣味整活,🌶️,吃火锅要特辣，吸着鼻涕擦着汗还说不辣，第二天屁股疼才后悔嘴硬,,
342,单身时长换算,逆天知识,⏳,单身的时间够看完三遍四大名著，熟练掌握一个人吃火锅不被收碗的技巧,,
343,猫掉毛量计算,逆天知识,🧶,家里猫掉的毛攒起来能织三件毛衣，黑衣服永远沾着猫毛，出门拍半小时也拍不干净,,
344,游戏按键磨损度,逆天知识,⌨️,键盘WASD键磨的发白，手柄摇杆掉皮，不用看也能精准按到技能键,,
345,爱豆同款相似度,逆天知识,👕,能精准认出爱豆今天戴的帽子是三年前买的同款，路人扫一眼就能认出自家应援色,,
346,奶茶糖分计算师,逆天知识,🧋,喝一口就知道奶茶糖放多了还是少了，哪家珍珠煮的够糯哪家茶底涩门儿清,,
347,单身桃花转世,玄学运势,🌸,上辈子可能是个桃花树，这辈子全是烂桃花，正缘永远在别人的恋爱里,,
348,宠物前世身份,玄学运势,🐾,你家猫上辈子肯定是你祖宗，这辈子来讨债的，天天拆家你还得哄着,,
349,游戏皮肤运气,玄学运势,✨,抽皮肤前改ID换头像拜欧皇，最后还是用6块钱的原皮，限定永远跟你无缘,,
350,追星缘分指数,玄学运势,💫,抢票永远陪跑，演唱会永远赶上你加班，同城活动你永远在外地出差,,
351,吃货财运关联,玄学运势,🍜,发工资当天必想吃顿好的，吃完就发现这个月又要吃土，钱全花在嘴上了,,
352,单身等死型恋爱,情感离谱,🤷,嘴上喊着要对象，有人撩你你就跑，朋友圈天天看别人谈恋爱，自己就是不行动,,
353,宠物争宠大师,情感离谱,😤,看见对象撸别人家的猫就吃醋，自家猫跟对象亲你还得跟猫置气,,
354,游戏cp绝缘体,情感离谱,💔,打游戏遇见的要么是小学生要么是已婚大叔，处cp永远处成兄弟,,
355,追星梦女等级,情感离谱,💌,刷到爱豆物料能脑补出十万字同人文，连以后孩子叫什么都想好了,,
356,饭搭子绝交阈值,情感离谱,🙅,饭搭子敢抢你碗里最后一块肉，当场就能绝交半小时，给你买杯奶茶又和好,,
357,带薪撸鱼达人,职场发疯,🐟,上班没事就刷宠物视频，老板过来就切到报表，手机屏保是自家猫,,
358,上班摸鱼打游戏,职场发疯,🕹️,电脑开着工作界面，手机在底下打排位，队友坑了不敢骂出声憋的脸通红,,
359,工位追星隐蔽者,职场发疯,🤫,工位上摆着爱豆小卡，电脑壁纸是爱豆，听见同事说爱豆坏话当场就能阴阳怪气,,
360,带薪蹲点抢外卖,职场发疯,🥡,十点半就开始刷外卖平台，凑满减凑半小时，下班前五分钟就盯着外卖员定位,,
361,下班光速消失术,职场发疯,🏃,下班铃一响电脑都来不及关，要么赶着回家喂猫要么赶着上线打游戏，多待一秒都亏,,
362,单身冰箱收藏家,性格搞怪,🧊,冰箱里永远有半瓶快乐水、半盒冰淇淋、三罐没开的啤酒，就是没有新鲜蔬菜,,
363,仓鼠囤粮爱好者,性格搞怪,🐹,给宠物囤的粮能吃半年，自己的零食也塞满抽屉，就怕哪天突然断货,,
364,游戏嘴强王者,性格搞怪,👄,打输了全怪队友菜，自己死了就是网络卡，嘴上骚话比操作秀,,
365,追星物料考古家,性格搞怪,🔍,能把爱豆十年前的微博翻出来，连他小学参加的唱歌比赛视频都能挖到,,
366,外卖口味执念者,性格搞怪,🥡,点外卖永远点同一家同一个口味，老板都能记住你不吃葱多放辣,,
367,单身情侣观察员,趣味整活,👀,在街上看见情侣吵架能停下来看十分钟，比看电视剧还入迷,,
368,宠物表情包大户,趣味整活,😼,聊天表情包全是自家宠物的黑照，跟人吵架都发猫的表情包怼人,,
369,新游尝鲜韭菜,趣味整活,🌱,新游戏上线第一个下载，充完首充玩三天就卸载，手机里永远有三个没玩完的新游,,
370,应援词背诵大师,趣味整活,📣,应援词比公司年会发言稿背的还熟，爱豆的歌歌词倒背如流，上班要背的东西记不住,,
371,隐藏菜单挖掘者,趣味整活,🍔,每家快餐店的隐藏菜单都知道，去奶茶店能点出店员都没听过的搭配,,
372,单身脱单flag寿命,逆天知识,🚩,每次说“今年一定要脱单”的flag，平均寿命不超过三天，转头就忘了,,
373,遛狗步数换算,逆天知识,🚶,每天遛狗的步数比你上班走的还多，一年下来能绕小区走五十圈,,
374,游戏喷人速度测试,逆天知识,⚡,打游戏喷人的打字速度比上班写方案快三倍，一分钟能打两百字不带重样的,,
375,爱豆生日记忆力,逆天知识,🎂,能准确记住爱豆的生日、出道日、甚至猫的生日，自己爸妈的生日得翻备忘录,,
376,火锅蘸料配方师,逆天知识,🥘,调的火锅蘸料全桌人都要抄配方，谁要是往你蘸料里放香菜能跟他急,,
377,相亲局话术大师,趣味整活,🎤,从星座聊到宠物，从工作聊到旅行，就是聊不到点上。,,
378,催婚压力测试仪,职场发疯,⏰,过年回家，亲戚的每一句话都是对血压和耐心的双重考验。,,
379,前任考古学家,情感离谱,⛏️,深夜翻遍所有社交平台，只为确认对方过得没自己好。,,
380,恋爱脑间歇性发作,性格搞怪,🧠,上一秒看偶像剧甜到打滚，下一秒觉得男人只会影响拔刀速度。,,
381,脱单锦鲤绝缘体,玄学运势,🐟,朋友都脱单了，你连个暧昧对象都养不活。,,
382,相亲对象分类学,逆天知识,🏷️,通过三句话，就能把对方精准归类到‘奇葩’或‘还行’文件夹。,,
383,朋友圈官宣拖延症,情感离谱,⏳,恋爱半年了，合照还在手机相册里吃灰。,,
384,妈见打型单身贵族,性格搞怪,👑,在家呼吸都是错，因为‘别人家孩子’都二胎了。,,
385,恋爱废物鉴定,趣味整活,🗑️,擅长把天聊死，把暧昧对象处成兄弟。,,
386,月老线打结专家,玄学运势,🧶,怀疑上辈子得罪了月老，这辈子红线全是死结。,,
387,前任的现任观察员,情感离谱,👀,不是放不下，就是想看看他找了个什么样的‘替代品’。,,
388,相亲简历优化师,职场发疯,📄,把‘爱打游戏’写成‘擅长策略规划’，把‘宅’写成‘享受居家生活’。,,
389,恋爱脑切除手术,趣味整活,🔪,每次心动，都试图用理智给自己做开颅手术。,G015,
390,催婚话术反侦察,逆天知识,🕵️,熟练掌握‘工作忙’‘随缘’‘还没遇到合适的’等标准答案。,,
391,分手后遗症门诊,情感离谱,🏥,症状包括但不限于：听歌对号入座、看啥都像他、深夜emo。,,
392,孤寡青蛙转世,玄学运势,🐸,算命的说你命里缺桃花，你怀疑缺的是整个春天。,,
393,恋爱演习指挥官,性格搞怪,🎮,在脑子里已经和crush过完了一生，现实中没说过一句话。,,
394,相亲KPI考核员,职场发疯,📊,本月相亲次数达标，但‘成交率’为零，急需复盘。,,
395,前任遗物清理师,情感离谱,🧹,清空购物车容易，清空回忆里的购物车链接很难。,,
396,注孤生体质检测,趣味整活,🧪,喜欢的人不喜欢你，喜欢你的人你觉得不行。,,
397,恋爱经济学入门,逆天知识,💰,计算恋爱的时间成本、情绪价值与单身自由的性价比。,,
398,桃花运风水大师,玄学运势,🌀,尝试换头像、改签名、转发锦鲤，桃花依旧在别处盛开。,,
399,嘴硬心软型选手,性格搞怪,💪,嘴上说着‘一个人挺好’，刷到情侣视频还是会停顿三秒。,,
400,办公室恋情观察家,职场发疯,📝,对同事的恋爱动态了如指掌，自己的感情线一片空白。,,
401,暧昧期ICU重症,情感离谱,💀,对方一句话能让你上天堂，下一句就能让你下地狱。,,
402,恋爱剧本杀编剧,趣味整活,✍️,给每次心动都脑补了八十集连续剧，实际播出时长：三分钟。,,
403,催婚抗压训练营,性格搞怪,🛡️,练就了左耳进右耳出，表面点头称是，内心毫无波澜的神功。,,
404,分手大师速成班,逆天知识,🎓,通过分析朋友的分手案例，总结出‘如何体面离开’的一百种方法。,,
405,正缘迷路中,玄学运势,🧭,塔罗牌说你正缘在路上，你怀疑他用的高德地图，而你用的是百度。,,
406,恋爱内耗冠军,情感离谱,🏆,还没开始谈，就已经在脑子里分了一百次手。,,
407,相亲尬聊记录员,职场发疯,📼,回家后能一字不差地复述今晚的尴尬对话，供自己复盘嘲笑。,,
408,自我攻略型选手,性格搞怪,🚩,对方看了你一眼，你连孩子名字都想好了。,,
409,前任大数据分析师,趣味整活,📈,通过微博点赞、网易云歌单，精准推测对方的情感状态。,,
410,恋爱防沉迷系统,逆天知识,🛑,设置心动上限，一旦超标自动启动‘人间清醒’模式。,,
411,月老黑名单VIP,玄学运势,🚫,去庙里求姻缘，连签筒都跟你作对，全是下下签。,,
412,塑料爱情质检员,情感离谱,🔍,能一眼看穿朋友圈秀恩爱合照里的僵硬与勉强。,,
413,职场寡王,职场发疯,👑,公司里唯一一个不用在情人节和七夕请假的员工。,,
414,恋爱系统版本过低,趣味整活,📱,别人的恋爱是偶像剧，你的恋爱像上世纪黑白默片，还卡带。,,
415,催婚免疫球蛋白,性格搞怪,💉,对‘什么时候结婚’‘眼光不要太高’等病毒性话语产生抗体。,,
416,失恋废墟重建师,情感离谱,🏗️,一边捡拾破碎的自我，一边试图用新爱好把生活填满。,,
417,相亲对象图鉴收集,逆天知识,📚,见过的奇葩多了，能写一本《人类迷惑行为大赏·相亲篇》。,,
418,桃花劫体质,玄学运势,⚡,来的都不是正缘，全是来教你认清人性的老师。,,
419,恋爱躺平学家,职场发疯,🛌,主动是不可能主动的，全靠命运把对象砸我头上。,,
420,前任纪念品博物馆,情感离谱,🏛️,有些东西扔不掉，不是舍不得，是懒得收拾。,,
421,单身保命指南作者,趣味整活,📖,熟练掌握一个人吃火锅、看电影、去医院等生存技能。,,
422,恋爱脑格式化失败,性格搞怪,💾,每次删完聊天记录和照片，过几天又偷偷从回收站恢复。,,
423,确诊为蜗牛,性格搞怪,🐌,能不出门就不出门，出门要背满家当，有人靠近就缩壳,,
424,消息已读不回,性格搞怪,📱,看到消息先放放，想着等会回，转头就忘到九霄云外,,
425,聚会隐形人,性格搞怪,🥷,聚餐挑角落坐，拍照往最后排躲，就怕有人突然cue自己,,
426,耳机焊在耳朵上,性格搞怪,🎧,出门必戴耳机，没耳机连买个早餐都觉得浑身不自在,,
427,道歉型人格,性格搞怪,🙇,别人碰了自己都要先说对不起，啥错都先往自己身上揽,,
428,线上疯批线下怂,性格搞怪,🤡,网上打字比谁都快，现实里跟陌生人说话都磕巴,,
429,奶茶选糖纠结症,性格搞怪,🥤,点奶茶选糖度能选三分钟，选完还会后悔是不是选甜了,,
430,赖床十级学者,性格搞怪,🛌,闹钟响了能关八次，不到最后一分钟绝对不起床,,
431,表情包当饭吃,性格搞怪,😎,聊天先翻表情包库，没有合适的图都不知道怎么回消息,,
432,MBTI行走说明书,趣味整活,📋,新认识人先问MBTI，比查星座还熟练，什么类型都能唠两句,,
433,取快递伪装大师,趣味整活,📦,下楼取快递要戴帽子戴口罩，就怕碰到半熟的人要打招呼,,
434,沙发土豆转世,趣味整活,🥔,休息日能在沙发上躺一天，除了上厕所连屁股都不挪一下,,
435,废话文学大师,趣味整活,🗣️,听君一席话如听一席话，张口就是没用的大实话,,
436,海底捞社恐选手,趣味整活,🍲,去海底捞不敢跟服务员对视，就怕他们过来递毛巾送小礼物,,
437,熬夜冠军守门员,趣味整活,🌙,每天都发誓要早睡，躺床上刷手机刷到两点还精神,,
438,外卖备注小作文,趣味整活,✍️,点外卖备注能写三行，多放辣少放葱不要餐具写得清清楚楚,,
439,相册全是截图,趣味整活,🖼️,手机相册一万张图，九千张是聊天记录和表情包截图,,
440,外卖永远点同款,逆天知识,🍱,找到一家合口味的外卖，能连续点半个月不换样,,
441,历史人物同款懒,逆天知识,📜,跟王阳明一样拖延，跟李白一样爱喝酒，普通人也有历史同款特质,,
442,睡觉姿势测命格,逆天知识,🛏️,喜欢蜷缩睡是缺乏安全感，大字睡是天生乐天派，你的姿势对应啥命,,
443,收藏夹吃灰达人,逆天知识,📁,看到干货就收藏，收藏了等于学会了，再也没打开过第二遍,,
444,洗发水用到底才换,逆天知识,🧴,日用品非要用到挤不出来才买新的，囤货等于永远用旧的,,
445,微信步数判行踪,逆天知识,🚶,看朋友微信步数就知道他今天上没上班，出没出门，比定位还准,,
446,听歌品味测年龄,逆天知识,🎵,歌单里占比最高的歌发行年份，基本就是你中学的年份,,
447,上辈子是守门石狮子,玄学运势,🦁,就喜欢在工位上坐着，不爱动也不爱说话，谁来都多看两眼,,
448,投胎当小区流浪猫,玄学运势,🐱,下辈子不用上班，每天晒晒太阳睡睡觉，还有好心人喂罐头,,
449,前世是驿站喂马的,玄学运势,🐎,这辈子就爱给同事取快递带外卖，跑腿的活干得比谁都熟,,
450,今日摸鱼运势,玄学运势,🐟,测测今天摸鱼会不会被老板抓，适合刷手机还是带薪拉屎,,
451,灵气值剩余检测,玄学运势,✨,上班上久了灵气都没了，看看你还剩多少没被工作磨掉,,
452,月老红线缠脚了,玄学运势,🧵,桃花运迟迟不来，原来月老的红线全缠你脚腕上打了结,,
453,下辈子做冰箱,玄学运势,🧊,天天凉飕飕的，不用上班，里面还全是好吃的,,
454,暗恋等死型选手,情感离谱,💘,喜欢一个人绝对不主动，就等着对方来跟自己表白，等黄了也不说,G054,
455,塑料友情防弹级,情感离谱,🛡️,跟好朋友平时互相损，真出事了比谁都靠谱，砸都砸不烂,G001,
456,社交电池10%,情感离谱,🔋,出门社交两小时就得回家躺半天，电用完了谁叫都不出去,,
457,恋爱脑晚期患者,情感离谱,🧠,一谈恋爱就智商为零，对方说啥都信，撞了南墙都不回头,,
458,把天聊死小能手,情感离谱,💬,别人抛过来的梗接不住，说两句话就冷场，自己还没察觉,,
459,朋友圈三天可见,情感离谱,🕒,发完朋友圈过半天就觉得尴尬，赶紧设成三天可见，删都懒得删,,
460,闺蜜恋爱军师,情感离谱,军师,给朋友分析感情头头是道，轮到自己谈恋爱啥也不是,,
461,开会灵魂出窍,职场发疯,👻,开会坐在第一排，眼神盯着老板，脑子已经在想晚上吃啥了,G044,
462,下班跑的比谁都快,职场发疯,🏃,下班铃一响第一个冲出去，电脑都来不及关，就怕老板临时加活,,
463,工位零食库管理员,职场发疯,🍪,工位抽屉里全是零食，自己没吃多少，全被同事分完了,,
464,带薪拉屎冠军,职场发疯,🚽,每天上班先去厕所蹲二十分钟，刷完朋友圈才慢悠悠出来,G002,
465,改方案改到吐,职场发疯,🤮,甲方爸爸要改第八版方案，改到最后还是第一版最好,,
466,群聊潜水截图党,职场发疯,🤫,公司大群从来不说话，天天窥屏存同事发的表情包，转头就用,,
467,周一综合症重度,职场发疯,😫,周日晚上就开始emo，周一早上坐在工位上魂还在家里,,
468,工资到账即清空,职场发疯,💸,工资刚发下来，还完花呗信用卡房租，剩下的钱够吃泡面就不错,,
469,拖延二级残废,性格搞怪,🐌,deadline前半小时才开始敲键盘，早一分钟都动不了手,,
470,深夜矫情冠军,情感离谱,🌙,一到十二点就翻前任朋友圈，早上醒了恨不得扇自己两巴掌,G053,
471,摸鱼时间管理大师,职场发疯,🐟,上厕所20分钟接水10分钟，带薪拉屎比工作时间都规律,G043,
472,外卖选择困难户,性格搞怪,🍱,十一点开始刷外卖，刷到十二点半还没决定吃黄焖鸡还是麻辣烫,,
473,网购剁手达人,趣味整活,🛒,拆快递比发工资还开心，花呗账单出来才想起来自己买过这玩意,,
474,上辈子是驿站囤货员,玄学运势,📦,每天都有快递到，驿站老板都能直接喊出你名字,,
475,开会摸鱼段位鉴定,职场发疯,💻,领导在上面讲规划，你在下面刷宠物视频憋笑憋到抖肩,,
476,emo文案收藏家,情感离谱,📝,手机备忘录里存了三十条伤感文案，没一条好意思发朋友圈,,
477,外卖口味考古学家,逆天知识,🍜,能准确说出公司周边三公里内每家外卖的辣度偏咸还是偏淡,,
478,下班倒计时选手,职场发疯,⏰,离下班还有十分钟就收拾好包，领导一喊加班脸直接垮下来,,
479,深夜网抑云常驻嘉宾,情感离谱,🎵,歌单里全是伤感情歌，循环到三点还在想他为什么不回消息,,
480,凑单小能手,趣味整活,🧮,为了满减凑了三个没用的东西，算下来比单买还贵五块,G055,
481,明日复明日信徒,性格搞怪,📅,今天的事永远推明天，明天推后天，到截止日才通宵赶工,,
482,下辈子当外卖试吃员,玄学运势,🥡,这辈子吃了上千家外卖，投胎就想干不用花钱吃外卖的活,,
483,工位隐形摸鱼人,职场发疯,🪑,电脑页面永远开着工作文档，其实最小化窗口是小说页面,,
484,暗恋等死型选手,情感离谱,💘,喜欢的人发朋友圈你纠结半小时评论什么，最后还是只点了个赞,G054,
485,无用商品收藏家,性格搞怪,🎁,家里堆了二十个没用的手机壳、十根没拆的口红，看见好看的还是想买,,
486,外卖备注十级学者,逆天知识,✍️,知道写“多放辣老板我是你老乡”比“多放辣”得到的辣椒多三倍,,
487,拖延症阎王薄记载,玄学运势,📓,阎王让你三更走，你拖到五更还在说“再等我刷完这条抖音”,,
488,工作群潜水冠军,职场发疯,🤿,领导发红包第一个抢，让汇报工作第一个装看不见,,
489,深夜食欲控制失败,情感离谱,🍕,十点说要减肥，十二点就点了烧烤加冰可乐，边吃边骂自己没出息,,
490,快递拆箱仪式爱好者,趣味整活,✂️,拆快递必须录开箱视频，哪怕买的是九块九包邮的袜子,,
491,万年踩点上班选手,性格搞怪,🚇,闹钟定七个，最后一个响了才弹起来，踩着打卡铃最后一秒冲进公司,,
492,乾隆同款外卖品味,逆天知识,👑,跟乾隆下江南就爱吃那几样菜一样，外卖翻来覆去只点吃过的三家,,
493,摸鱼功德积累器,玄学运势,🙏,上班摸鱼一分钟，来世多享一分钟福，越摸功德越厚,,
494,购物车囤货大师,趣味整活,🛍️,购物车加了八十件东西，每次大促才舍得删两件，剩下的继续躺一年,,
495,下班失联专业户,职场发疯,📴,下班打卡第一件事关工作通知，领导发消息第二天早上才说“不好意思刚看见”,,
496,emo秒删选手,情感离谱,🗑️,凌晨两点发了条伤感朋友圈，七点醒了光速删掉，生怕同事看见,,
497,deadline战神,性格搞怪,⚔️,平时摸鱼摸得欢，截止日前一天能爆发出平时三倍的工作效率,,
498,外卖满减计算器,逆天知识,🧮,点外卖能精准凑到满减门槛，多一分钱都不愿意花,,
499,上辈子是囤货松鼠,玄学运势,🐿️,家里纸巾囤了半年的量，洗衣液堆了三瓶，不囤东西就没安全感,,
500,开会走神选手,职场发疯,🤤,领导讲项目的时候你在想晚上吃什么，散会了连主题都记不住,,
501,深夜回忆杀患者,情感离谱,📸,大半夜翻三年前的朋友圈、QQ空间，边看边尴尬到抠脚,,
502,退货小能手,趣味整活,🚚,十个快递能退八个，快递员都知道你家地址上门取件不用打电话,G055,
503,选择性拖延症,性格搞怪,🤷,工作拖到天荒地老，朋友喊吃饭跑的比谁都快,,
504,外卖差评鉴赏家,逆天知识,⭐,点外卖先看差评，能从差评里准确判断这家是不是真的难吃,,
505,摸鱼转世锦鲤,玄学运势,🐠,每次摸鱼刷视频都刚好避开领导查岗，运气好到离谱,,
506,上班带饭零存活,职场发疯,🍱,前一天晚上信誓旦旦要带饭，早上起晚了直接扔冰箱，转头还是点外卖,,
507,网购买同款狂魔,性格搞怪,👕,碰到好穿的袜子直接买五双同款，好用的笔一次性买十根,,
508,深夜哲学大师,趣味整活,🤔,一到晚上就思考人生意义、宇宙起源，天亮了照样爬起来上班,,
509,古代拖延症身份,逆天知识,🏯,放在古代你就是迟迟不肯上朝的皇帝，百官等你两小时还在被窝,,
510,下辈子当收租婆,玄学运势,💸,这辈子班都上够了，下辈子就想每天躺着收租，不用看领导脸色,,
511,外卖催单大师,情感离谱,📞,外卖迟到五分钟就开始催单，骑手还有两百米就站在楼下等,,


# ===== 相似组汇总 =====
组号,组内条目数,条目编号列表,涉及名称
G001,4,"#1, #52, #98, #455",塑料友谊防弹级 / 塑料友情防弹级 / 塑料友情防弹等级
G002,4,"#2, #53, #99, #464",领带薪拉屎冠军 / 带薪拉屎冠军
G003,6,"#3, #54, #100, #144, #241, #287",废话大师鉴定
G004,10,"#4, #18, #57, #101, #109, #145, #200, #239, #254, #290",前世是什么外卖 / 前世是什么部门什么角色 / 前世是什么部门的 / 前世是哪个部门的 / 前世是什么部门角色
G005,6,"#5, #56, #104, #150, #246, #306",用睡觉姿势推测历史地位
G006,5,"#6, #60, #102, #240, #289",在同事群聊备注里叫什么 / 在同事群聊备注里
G007,6,"#7, #59, #107, #153, #244, #295",证明今天的班白上了
G008,6,"#8, #58, #105, #146, #243, #300",恋爱中的离谱角色
G009,6,"#9, #62, #114, #149, #249, #288",QQ号转世成什么 / 你的QQ号转世成什么
G010,4,"#11, #63, #110, #320",跟历史人物的适配度 / 与历史人物的适配度
G011,5,"#12, #61, #111, #181, #315",前世的未了微信好友申请 / 前世未了的微信好友申请
G012,4,"#13, #112, #258, #316",在同事眼里是什么人设 / 在同事眼里的人设 / 在同事眼里是什么奇怪人设
G013,6,"#14, #55, #106, #175, #245, #299",投胎成什么家用电器
G014,3,"#17, #115, #260",用奶茶配料测性格 / 用奶茶配料看性格
G015,2,"#19, #389",恋爱脑切除手术恢复期 / 恋爱脑切除手术
G016,2,"#20, #179",你的互联网人格
G017,3,"#30, #135, #182",友情里的工具人型号 / 友情里的工具人指数 / 友情中的工具人指数
G018,2,"#36, #48",你是哪种会议室状态 / 你是哪种会议室茶水
G019,2,"#50, #95",你的幽默感是什么格式 / 你的幽默感是什么方言
G020,6,"#51, #108, #143, #208, #238, #286",你的精神宠物 / 你的精神宠物是什么 / 你的精神年假
G021,2,"#64, #103",确诊为WiFi信号 / 确诊为Wi-Fi信号
G022,2,"#65, #138",你的大脑后台程序
G023,2,"#70, #137",确诊为二手市场
G024,2,"#75, #163",上辈子是什么动物 / 上辈子是什么部门的
G025,2,"#94, #113",确诊为过期罐头 / 确诊为过期酸奶
G026,3,"#124, #189, #279",带薪如厕时间管理大师 / 上班如厕时间管理大师
G027,2,"#125, #166",确诊为路由器
G028,3,"#136, #226, #330",你的工位风水怎么样 / 你的工位风水
G029,2,"#142, #183",职场隐身术修炼等级 / 职场隐身术等级
G030,3,"#147, #255, #302",工位上的神秘失踪事件 / 工位神秘失踪事件
G031,3,"#148, #248, #291",慢性待机 / 慢性待机确诊 / 慢性待机综合症
G032,3,"#151, #259, #309",下辈子投胎成什么岗位 / 下辈子投胎什么岗位
G033,4,"#152, #227, #242, #296",社交电池容量 / 周末社交电池容量 / 你的社交电池容量
G034,3,"#154, #264, #318",床头水杯数量 / 床头水杯数量评级
G035,2,"#157, #322",灵气复苏后你的本体 / 灵气复苏后你的天赋
G036,4,"#158, #209, #252, #301",塑料友情鉴定 / 职场塑料友情鉴定 / 塑料友情材质鉴定
G037,3,"#165, #261, #303",下班前最后五分钟
G038,2,"#167, #256",你的表情包灵魂伴侣
G039,2,"#174, #218",你的外卖人格 / 周末外卖人格
G040,2,"#180, #278",通过歌单诊断人生阶段 / 通过歌单看人生阶段
G041,3,"#191, #273, #323",周一早八的怨气 / 周一早八的怨气实体化
G042,2,"#192, #212",周末失忆症 / 周末焦虑症
G043,2,"#194, #471",摸鱼时间管理大师
G044,2,"#198, #461",会议灵魂出窍 / 开会灵魂出窍
G045,2,"#199, #213",你的摸鱼流派 / 你的摸鱼搭子
G046,2,"#217, #228",你的职场人设 / 你的职场替身
G047,2,"#250, #294",开会时的真实精神状态
G048,2,"#262, #325",你的网络人格分裂指数
G049,2,"#263, #310",对暗恋对象的表达方式
G050,2,"#266, #297",你跟历史人物的共同点 / 跟历史人物的共同点
G051,2,"#268, #312",给日常物品分配MBTI
G052,2,"#272, #307",你是哪个小众领域专家 / 你是哪个小众领域民间专家
G053,2,"#293, #470",深夜矫情等级 / 深夜矫情冠军
G054,2,"#454, #484",暗恋等死型选手
G055,2,"#480, #502",凑单小能手 / 退货小能手